Sensor1,Sensor2,Sensor3,Sensor4,Sensor5,Actual,Predicted,Absolute Error
0.0286940788062395,0.8067026681000751,0.9972927906710198,0.6255215410149739,0.7572318613157867,19.244612287104,25.01305629301013,5.7684440059061295
0.5188926097068762,0.8384484961677804,0.5552059159924634,0.2144825303632288,0.1868768646085987,30.65919607551061,25.01305629301013,5.64613978250048
0.0712073354692701,0.340299416005438,0.15792460127927,0.0214185445535968,0.1552000724854322,19.3780660226752,25.01305629301013,5.6349902703349315
0.4070286936509772,0.4845240071093247,0.5065805607672229,0.0636051997346602,0.0913607853141484,19.453496138708328,25.01305629301013,5.559560154301803
0.116814286028119,0.2448744568743431,0.3284408042655261,0.6244389526614311,0.5590917153254807,19.47666741709777,25.01305629301013,5.536388875912362
0.6748314281500299,0.1145575704489796,0.0661546678986479,0.3599316517156339,0.8303655057663364,30.492791317160503,25.01305629301013,5.479735024150372
0.2165964545284707,0.9442815153937494,0.2333160229144796,0.8857647085860604,0.6608522984451567,30.468278179400347,25.01305629301013,5.455221886390216
0.4020484152459925,0.3762308444747508,0.6846245892885598,0.2869106466217374,0.7839653036194558,30.41232448215621,25.01305629301013,5.399268189146081
0.8358273139316572,0.7997535449565695,0.2698463081794678,0.9033994265869276,0.7353738925806438,19.63222877018466,25.01305629301013,5.38082752282547
0.8011715138044253,0.7680768104800865,0.8680967942941124,0.300438888918223,0.2183643532677069,30.365757019380663,25.01305629301013,5.352700726370532
0.7639336161937476,0.5774109048389755,0.0013305483832323,0.564722456011815,0.2871960409136641,19.67370584084993,25.01305629301013,5.3393504521602
0.2070641537673265,0.1159511282084867,0.6676705402605924,0.4010266182455857,0.3580797777620557,19.727484222057964,25.01305629301013,5.285572070952167
0.2053016194735134,0.490807202909941,0.5458183909505662,0.3508114995610307,0.4369404093693795,19.76866435168433,25.01305629301013,5.2443919413258016
0.261364962395486,0.9279020595869398,0.0305633972866202,0.2679188876453895,0.3122347350544993,19.812733081078164,25.01305629301013,5.200323211931966
0.3634962098876785,0.4089988002526042,0.1764356240867234,0.8862001920737556,0.5393715589867532,30.202844416127515,25.01305629301013,5.189788123117385
0.2802316028537298,0.0685942730353936,0.10308906762497,0.3104533149097881,0.0872949996685348,19.8419300504972,25.01305629301013,5.17112624251293
0.1961976341132077,0.6007675731813772,0.5064296223374939,0.0690495834188077,0.891144426852278,30.163723630676664,25.01305629301013,5.150667337666533
0.7659481385877168,0.205956181221208,0.8601473997043685,0.7489988075821535,0.1996486996839609,19.91392882828492,25.01305629301013,5.0991274647252105
0.0411944810210003,0.948350251830076,0.8490956995163897,0.6270690937312473,0.7055413761099747,19.98672150015071,25.01305629301013,5.026334792859419
0.2488432539066598,0.5933273894522858,0.4341203219406152,0.3016000826611343,0.0217414151836181,20.000531487726512,25.01305629301013,5.012524805283618
0.0414239798871045,0.3658365551964493,0.9423167887209052,0.959064086647796,0.4821164136582947,30.024210155821773,25.01305629301013,5.011153862811643
0.03959983508022,0.1146576032403342,0.6019841863688324,0.7610643266776684,0.3959626533941511,20.035165194124637,25.01305629301013,4.977891098885493
0.6833554860932605,0.5250918903521441,0.922425379571474,0.1185740149236324,0.9135123967892868,20.04434629198916,25.01305629301013,4.96871000102097
0.4121338547337089,0.1631333559685261,0.4004581709322263,0.3894914848273978,0.4614236471328423,20.067408105776288,25.01305629301013,4.945648187233843
0.6005119700208106,0.7235422179787142,0.5255305012143685,0.1339156824085011,0.844072230016145,29.952926938037585,25.01305629301013,4.9398706450274545
0.8469486854928697,0.0225206946804588,0.383035401916534,0.29348520630989,0.9670642811958472,20.0819807385061,25.01305629301013,4.93107555450403
0.7715052498841801,0.4272742049186816,0.6364230560494546,0.7963581692470393,0.3963495540672193,29.943002633253087,25.01305629301013,4.929946340242957
0.6365343731529043,0.4440144609529624,0.3979266227913469,0.9036365981010646,0.2215939255568324,29.93369947098036,25.01305629301013,4.920643177970231
0.945611841127286,0.9766391548362848,0.618239714890941,0.4689645334237015,0.2852013215625268,29.928779753734,25.01305629301013,4.915723460723868
0.5821392035375581,0.7820898818948496,0.6304716563318753,0.6551278507429448,0.8950418779249187,29.9160003184097,25.01305629301013,4.90294402539957
0.976401017030192,0.4461066861611112,0.8411227331738782,0.9858712875051044,0.5319093682962611,20.11048527002686,25.01305629301013,4.90257102298327
0.0737229492600127,0.258327973895065,0.9894344760512565,0.5917397086937287,0.7891946632846261,29.90776577651626,25.01305629301013,4.89470948350613
0.3324848015351251,0.6174990888584584,0.3131120476573376,0.6739325911532944,0.8586570567616133,29.903956361502587,25.01305629301013,4.890900068492456
0.7988816752695528,0.0078344779925919,0.3158170898444187,0.6793432804557088,0.7956185786380814,29.89263050009944,25.01305629301013,4.879574207089309
0.8657163140930833,0.174762606218762,0.784029289932516,0.2318934060989823,0.5803887633066809,29.809309338746463,25.01305629301013,4.796253045736332
0.2552194235333187,0.7924399111830824,0.5349346384859506,0.7226481075148798,0.5175283618054378,29.80416741235414,25.01305629301013,4.791111119344009
0.9427739386460708,0.3645711081652051,0.7246027529632482,0.6221956984379441,0.0084088880281434,20.2286361102156,25.01305629301013,4.7844201827945305
0.1459519753694309,0.1580415605608405,0.6117800739405314,0.3848582415974788,0.7026720687830035,20.231126373684912,25.01305629301013,4.7819299193252185
0.6608344045484477,0.7466129131687959,0.3431941838754556,0.066910243910134,0.0512268325541016,20.23357193452074,25.01305629301013,4.779484358489391
0.0362532681851185,0.507985774839297,0.7414764803072516,0.5429492086537173,0.5778755714654683,20.24402378474505,25.01305629301013,4.769032508265081
0.3578787058322334,0.0805312876065627,0.4834166351000359,0.0063053564274958,0.1603486105919668,29.77258811337246,25.01305629301013,4.75953182036233
0.9689752437485838,0.5274971487173672,0.062850517047283,0.613218792342301,0.2929150875022323,20.279407930887047,25.01305629301013,4.733648362123084
0.1460615457435666,0.523290271478184,0.2827095368300406,0.3843370668930163,0.2764856615832733,20.284169282725603,25.01305629301013,4.728887010284527
0.4175508204021319,0.9678911155065814,0.946133824495666,0.2784327102703624,0.4068995477772671,20.306607712895936,25.01305629301013,4.706448580114195
0.8540761591456908,0.6972682213920532,0.1656260138854947,0.1223671992801502,0.8198741555106439,20.30916080645671,25.01305629301013,4.703895486553421
0.5273360638784702,0.8544139713509307,0.585307488249082,0.7368643199489877,0.456465442781111,20.309733558299133,25.01305629301013,4.703322734710998
0.7703420737983523,0.3967959197323171,0.8916043250676849,0.6526235900204936,0.3400763524604708,20.31190505965312,25.01305629301013,4.70115123335701
0.309598186373235,0.4466188714776783,0.5941271830660024,0.1455399542616087,0.477751596224602,20.31512732062597,25.01305629301013,4.697928972384162
0.5953815886035131,0.1117824457435656,0.1012355856782347,0.3112056618054778,0.228899007260302,20.35812009287377,25.01305629301013,4.654936200136362
0.4098870527809456,0.270337931744173,0.7907419810959191,0.2914190700496831,0.4990107291380224,20.3694764636079,25.01305629301013,4.643579829402231
0.0617537305264225,0.7520632229553255,0.972042768863592,0.9923139470902774,0.592630148274265,29.644236685804422,25.01305629301013,4.631180392794292
0.069812636402304,0.3462505224658109,0.2709699821116763,0.9132025078179894,0.8960084507783186,29.61868408536939,25.01305629301013,4.605627792359261
0.8044169437323715,0.3664164274231001,0.4130948936520695,0.7649814224281409,0.754992150002838,20.41013241314811,25.01305629301013,4.602923879862022
0.2763923863500263,0.3407613325924107,0.1726503293345516,0.9318131963303238,0.8643481949184894,20.42705276141756,25.01305629301013,4.586003531592571
0.4084220204534554,0.1150448766622067,0.5319947482191613,0.8479108427748331,0.205858983811682,20.441893882016984,25.01305629301013,4.571162410993146
0.3604234638770399,0.84119953504002,0.6686289008172941,0.1630010614479334,0.8720534107126172,29.581113871461238,25.01305629301013,4.568057578451107
0.1211153524135535,0.3725913455897292,0.5847031163737286,0.6828724884677427,0.2344133013117492,20.486747641556807,25.01305629301013,4.5263086514533235
0.9336925331147942,0.2658870614788001,0.7726532600918369,0.2567477110980954,0.6390457782015995,29.526481852765528,25.01305629301013,4.513425559755397
0.9795471400694732,0.7197298966128389,0.6261627739164429,0.8677472817366936,0.9941436756588038,20.50097163177514,25.01305629301013,4.51208466123499
0.9465922552244476,0.9903143609101678,0.7147525124927006,0.7621195423915689,0.4816506463827795,20.50359027717952,25.01305629301013,4.509466015830611
0.7287742323840588,0.3520462803284192,0.6400411633749586,0.7424793820472689,0.5614385851952673,29.51206997281194,25.01305629301013,4.499013679801809
0.4830022890672347,0.7059393211348061,0.8581994086018776,0.6681528142379923,0.8173952590734113,29.484885289564104,25.01305629301013,4.471828996553974
0.6713652388309591,0.9063854979820268,0.707966624895617,0.092219558266803,0.6111472313483929,29.44884003357981,25.01305629301013,4.435783740569679
0.4413181584263634,0.072892357299197,0.941728805596892,0.3215751467147746,0.6771654204404087,20.58356269003585,25.01305629301013,4.429493602974279
0.1144631154463137,0.7038958003730961,0.9190741929284648,0.1152843532107646,0.0225899276232126,20.61685713277073,25.01305629301013,4.3961991602394015
0.7588445370686634,0.1874929832792919,0.8291495834876925,0.6843782973088646,0.1239629940888007,29.40593084593029,25.01305629301013,4.3928745529201585
0.5828239493136222,0.9209200587863264,0.7176977543840852,0.8822415826352377,0.0268470945095855,20.62244232520744,25.01305629301013,4.39061396780269
0.8749714946696677,0.5205135306352806,0.015034798823488,0.266972420936751,0.1933622032420566,29.387557443276005,25.01305629301013,4.374501150265875
0.0660469942245001,0.0117600475439215,0.0388671267796237,0.9138404468054137,0.789137474656417,20.65033173571277,25.01305629301013,4.362724557297362
0.2543112837836374,0.8552657092385609,0.4741927492640206,0.9669498156249964,0.470594560803526,20.651226994505123,25.01305629301013,4.361829298505008
0.4007882817381751,0.3825248105140355,0.8813488367766195,0.6648058423038934,0.0786271276935033,20.663494559273044,25.01305629301013,4.349561733737087
0.9636439511554904,0.1737947158507738,0.3760326511279632,0.8359849565883711,0.1782906149823443,20.69367314490677,25.01305629301013,4.319383148103359
0.482057733677963,0.4288292210799713,0.0831923684045218,0.1418478259021648,0.890403762055551,20.71027570367968,25.01305629301013,4.30278058933045
0.8453891058584182,0.8847311038565071,0.3987415108552186,0.383675652863661,0.0434858529697391,29.30800905328756,25.01305629301013,4.294952760277429
0.4847237486151351,0.6914368081313343,0.5716957469540516,0.8937984318328424,0.795484401209714,29.30477997887166,25.01305629301013,4.29172368586153
0.9341208883956108,0.6463750991966773,0.8444934143221499,0.4943478300733435,0.6626334715874944,20.726475629779145,25.01305629301013,4.2865806632309855
0.5876701110328089,0.6262694120508396,0.5751003216794661,0.4090448441915661,0.8847614855524928,29.28721493922945,25.01305629301013,4.27415864621932
0.8538388719848526,0.3170438740533253,0.7896709405169864,0.773332631276928,0.9300639980927408,29.286605301206528,25.01305629301013,4.273549008196397
0.1741823781740599,0.660174463788427,0.5453113254009024,0.7612926640841275,0.3101796820644945,29.243909749058066,25.01305629301013,4.230853456047935
0.3409244282105559,0.066653249870254,0.737947302964059,0.3818660265840621,0.8809155894901916,29.17293302780796,25.01305629301013,4.15987673479783
0.8827930554791574,0.4465881938555818,0.1806223685481287,0.8439492477238348,0.3827463149462966,29.172648207513344,25.01305629301013,4.159591914503213
0.5810691261280645,0.9582512215295824,0.1811743649176517,0.7053605255636243,0.9806852782526478,20.86066204554635,25.01305629301013,4.152394247463782
0.7729420951339954,0.3054344077092699,0.6892912188619821,0.9366542531678916,0.6271294590453257,20.870903452507708,25.01305629301013,4.142152840502423
0.6546175417745848,0.2600732864241846,0.4355976742911642,0.4033529804852439,0.1718486841942561,29.15110171664441,25.01305629301013,4.138045423634278
0.7448484459499586,0.8985517491668407,0.7412609911216632,0.084954527110673,0.8966502340422345,20.877486788239413,25.01305629301013,4.135569504770718
0.1991889414021346,0.3088786744773115,0.8674855306046368,0.0533331107584851,0.1267150773260661,20.88596573781861,25.01305629301013,4.127090555191522
0.1562171179921991,0.8125531307266188,0.030390347755424,0.0530885899601127,0.3821263974113772,29.130057167584194,25.01305629301013,4.117000874574064
0.4076914695959346,0.5824876081887449,0.6470297092697291,0.8782718361293297,0.5516846681818972,20.89790804849484,25.01305629301013,4.115148244515289
0.8687995335121346,0.3089953833027338,0.1779512588302101,0.0658830141502734,0.9066370753602536,29.11304903438762,25.01305629301013,4.099992741377488
0.4701579239940722,0.1038069426561761,0.7505046277854751,0.7201427522558569,0.5193927337050477,20.91607930649306,25.01305629301013,4.09697698651707
0.3760922362098254,0.0515112879422877,0.732622874207701,0.4708606588161996,0.8511169344734129,20.916489778952982,25.01305629301013,4.096566514057148
0.6104705805979788,0.7699188731129291,0.0174522196034074,0.861447819187555,0.0710979924981705,20.92198804804993,25.01305629301013,4.091068244960201
0.0454668725858767,0.7074062087750492,0.7198670463872417,0.9150494968529036,0.119845035061762,20.92559333691912,25.01305629301013,4.087462956091009
0.4829912347604062,0.8492538372088344,0.3107227725816214,0.6242657158212445,0.1368851788454852,29.09317852219455,25.01305629301013,4.080122229184418
0.1448273276007671,0.5993499926222515,0.2815057407923476,0.8172104334325763,0.09978261102879,20.934645629864555,25.01305629301013,4.078410663145576
0.6119502465548311,0.2010101061667025,0.677884743381494,0.5048871387249059,0.2800821432860103,20.94789580707257,25.01305629301013,4.065160485937561
0.3431157256066919,0.5284576269474421,0.4616105871863755,0.7951513671811354,0.065588931663603,29.069935034323866,25.01305629301013,4.056878741313735
0.0468142617668322,0.1936468781569243,0.2169129307803214,0.9581909514078916,0.2615292188598546,29.063835519000826,25.01305629301013,4.050779225990695
0.9700694258713048,0.1145195500877004,0.9388661007461332,0.7478057956809473,0.1047335151692961,29.058304422850536,25.01305629301013,4.045248129840406
0.2362890318002755,0.1402319602894669,0.2358315168076364,0.7141589709274173,0.0877997327543086,29.040739721267038,25.01305629301013,4.027683428256907
0.6888155494312258,0.7526328519632397,0.6714846877409172,0.2554779479965253,0.4100557669013485,20.990047589750898,25.01305629301013,4.023008703259233
0.3125737461668458,0.3132800851499403,0.9490508664823124,0.6189781221038363,0.3622136857361098,29.03329720211021,25.01305629301013,4.020240909100078
0.2395507427335975,0.0816596263841162,0.2281141363935072,0.4951789009781027,0.2401123369481609,29.01216388475961,25.01305629301013,3.9991075917494783
0.941969324858566,0.2354966779116839,0.7138925400204453,0.5436364544808209,0.7392993244148495,21.018300242648937,25.01305629301013,3.994756050361193
0.6280656672816503,0.7120642973362588,0.9979038142789014,0.5686745558510282,0.9785044768625905,21.019705534383995,25.01305629301013,3.9933507586261356
0.3317369550690779,0.5433678604920207,0.9720459239375406,0.4147130768038642,0.590329230141331,29.00573052179186,25.01305629301013,3.9926742287817305
0.1750856163737489,0.4514853959171196,0.5888979314608055,0.3628405772867392,0.3859320419091031,21.02370820788302,25.01305629301013,3.989348085127112
0.2190349211336463,0.1048245791027049,0.0683808320330215,0.0431853018176331,0.2445064337840959,21.026661179305272,25.01305629301013,3.9863951137048588
0.6339361115387044,0.7207640722559995,0.1137479351040073,0.4697824096623675,0.6466313834640778,21.036642701317664,25.01305629301013,3.9764135916924666
0.7778851641855861,0.1044011849893948,0.2406820083672936,0.7578048026034243,0.9277910585595696,28.971472108010456,25.01305629301013,3.9584158150003255
0.8214768731136654,0.0672277995853363,0.5911876874341188,0.6361667234955434,0.8398323902850642,28.96400406729146,25.01305629301013,3.950947774281328
0.7125296339256548,0.9357568623528112,0.9852911911962254,0.975283975750682,0.3640569088561991,21.069017414250823,25.01305629301013,3.944038878759308
0.8702138700138076,0.2651894619543411,0.5112768438160967,0.7895511449928372,0.400684343790136,28.952515094180484,25.01305629301013,3.9394588011703533
0.2373240251273624,0.0398476151312143,0.5475621908133957,0.8630434492922691,0.2337291581885521,28.94005940371646,25.01305629301013,3.9270031107063303
0.6255138752113444,0.8123705140915788,0.2445245235840314,0.3684957399302944,0.5297577691385084,28.93607367204783,25.01305629301013,3.9230173790376988
0.0075158603581156,0.2065430134191893,0.2915677673279255,0.1477891655208546,0.2676571814550244,21.10314446111073,25.01305629301013,3.9099118318994
0.0774986052450218,0.733553575835935,0.6617647020135817,0.332213494770697,0.7102486940334356,21.10396837128728,25.01305629301013,3.9090879217228505
0.8542405603278629,0.9711199900984596,0.548748631762157,0.3928245016477383,0.963785781393416,28.90774227820949,25.01305629301013,3.8946859851993594
0.5362604399966846,0.2880906409223851,0.881035385915907,0.5572629959509231,0.5108562107241972,21.135011839820965,25.01305629301013,3.8780444531891654
0.2170007583634038,0.3574899828169011,0.5525582747200214,0.6870924423157373,0.6025022959125818,28.87098415396103,25.01305629301013,3.8579278609508982
0.2345623168652472,0.5859415532482155,0.2246895553440338,0.6814598889497527,0.114876246361286,21.15790754263526,25.01305629301013,3.8551487503748696
0.2592699195566139,0.0537975007748068,0.0279319334825846,0.9262789285201056,0.7273936955355065,28.858834236921894,25.01305629301013,3.845777943911763
0.1415425443420747,0.9681478342691888,0.2554717062399766,0.9777939959826508,0.310172636387267,21.17389346374397,25.01305629301013,3.8391628292661615
0.4986630264836089,0.9526018630050324,0.90912115158366,0.0017177684439283,0.4397721708285719,21.180388172301875,25.01305629301013,3.832668120708256
0.1510607588240122,0.0988374736775965,0.2774431565837015,0.4367005137044162,0.2185204187275865,28.82860244416875,25.01305629301013,3.815546151158621
0.3159146996201717,0.9187611638628678,0.3729515136334993,0.6344418412381336,0.3856500333874441,21.22215069523686,25.01305629301013,3.7909055977732713
0.5455682009365931,0.5440923580181533,0.4848890649974223,0.8909578595484425,0.7436668369547903,21.223154590083784,25.01305629301013,3.789901702926347
0.0255145183711607,0.436024705161381,0.7879080389734533,0.2380979958592451,0.0159466418899877,28.793341146692818,25.01305629301013,3.780284853682687
0.2328400648142319,0.9256497886382996,0.5176683706469198,0.146046179571585,0.9829776511805524,21.24645054401401,25.01305629301013,3.7666057489961204
0.0944286585326765,0.5710499007436883,0.4354452213301683,0.2399866535988649,0.6823045424778762,28.779348707654517,25.01305629301013,3.7662924146443864
0.1019979800521058,0.9518884260914726,0.3753633897145432,0.4617498517603707,0.950576982306274,28.776624101228823,25.01305629301013,3.763567808218692
0.8264157266297718,0.1986056609868572,0.6607992062046899,0.0495972527497911,0.9169037739154796,21.2543794162726,25.01305629301013,3.758676876737532
0.1982965792367089,0.2913336765451285,0.7481743720795959,0.9961114614798692,0.0313474672914713,21.25953760539344,25.01305629301013,3.7535186876166904
0.6318189814755643,0.9763752025615576,0.5598582151225587,0.2712774957439224,0.0173901334626194,28.76562202924964,25.01305629301013,3.752565736239511
0.8406183163056459,0.5812316279003716,0.0769855463271628,0.4784645392629377,0.2164942500362074,21.27508442089833,25.01305629301013,3.7379718721117996
0.0425072969566204,0.4435562679814504,0.7389983373909843,0.0341693528036686,0.4493704547312903,28.75076586790294,25.01305629301013,3.7377095748928078
0.2751219869882783,0.5635239109759599,0.072662915981108,0.8008269599902745,0.6778063898231856,28.745747721955112,25.01305629301013,3.7326914289449817
0.1048994458205055,0.6689978637949728,0.4259735870296803,0.5973125204491606,0.6961328425925896,21.28306048710865,25.01305629301013,3.7299958059014813
0.3187997610260612,0.7162206084341723,0.9419425548002271,0.3721936642603042,0.8423109615210652,21.28546403673012,25.01305629301013,3.727592256280012
0.5670570829491398,0.3480393711625184,0.8806909985731334,0.4474105536093428,0.8236238115110187,28.73845637119823,25.01305629301013,3.7254000781880983
0.1818665130063002,0.108195557126118,0.0553364436735196,0.0558475494240647,0.4945185446123693,21.295459604185968,25.01305629301013,3.7175966888241625
0.958378483571398,0.3938355365934746,0.1855453306534934,0.8761410100931889,0.2943906557004915,28.71999834893221,25.01305629301013,3.706942055922081
0.985645949382333,0.4296464217671992,0.1296430763394571,0.0559478788434857,0.6023715094928781,21.32859460082217,25.01305629301013,3.684461692187959
0.6200378380008564,0.2666023329911375,0.8536037573939858,0.075801310464199,0.1807526538516308,28.67756581641989,25.01305629301013,3.664509523409759
0.5160380225506868,0.2361982064493342,0.7156892405599207,0.6128373021233264,0.1669862996784651,21.358684261861185,25.01305629301013,3.654372031148945
0.9734833441020944,0.8690838575981487,0.2537464868014306,0.9437628900891324,0.2350905865838646,28.656384464603747,25.01305629301013,3.643328171593616
0.0551472781189623,0.5253782145076504,0.9678104842993832,0.1339375821883807,0.9521315787984672,21.391508441268897,25.01305629301013,3.6215478517412336
0.3317121683382689,0.1751861328997093,0.8854064238707383,0.5913237721888845,0.5165224654388966,28.62355626056131,25.01305629301013,3.6104999675511777
0.1802076831143544,0.8626968722342542,0.1351982960143262,0.0792069325740072,0.2854019351098071,28.598122988612424,25.01305629301013,3.5850666956022934
0.5140154916062945,0.7529426682484289,0.0261224192352853,0.2663917711526371,0.0076181474788686,21.42851527662815,25.01305629301013,3.58454101638198
0.7054342352259532,0.7734517472314459,0.8306944974706713,0.7060044560779287,0.8546001093687856,28.59713361770777,25.01305629301013,3.5840773246976383
0.9572304439595744,0.0322118191023211,0.2012322977861681,0.083699861105372,0.5339885491479788,28.592188798654234,25.01305629301013,3.579132505644104
0.5185899332738206,0.6007197652086931,0.0916660535458727,0.3951610913234299,0.2085904063215002,28.582659918405504,25.01305629301013,3.5696036253953736
0.8032983983180174,0.609130600475671,0.4289629814228484,0.8959783452354464,0.9794599241106844,21.44768489367298,25.01305629301013,3.565371399337149
0.2985678542867713,0.1678482280850715,0.4352381326150458,0.7629343827521884,0.1241217487586718,28.576257299806187,25.01305629301013,3.5632010067960564
0.0252105542760997,0.747389202061335,0.2314561044659387,0.7769911763786118,0.6822305801929908,21.45714520447635,25.01305629301013,3.5559110885337795
0.0199130418007383,0.8234847080858095,0.6661421801632972,0.8276413517015845,0.3981371805415509,28.563483294577143,25.01305629301013,3.5504270015670123
0.3802010511860478,0.1948367153180664,0.9357863210846288,0.8693496887925325,0.039448377103863,28.54533028386983,25.01305629301013,3.5322739908597
0.1958969037443999,0.8813491127927419,0.8073206023837345,0.7718404948032463,0.0842572222247406,21.4836232915293,25.01305629301013,3.529433001480829
0.0858731584782693,0.145237774455372,0.2551586958873488,0.6497996525454862,0.0656569887824859,21.49613438594437,25.01305629301013,3.516921907065761
0.0958884603113673,0.9429260781032858,0.0283140027276375,0.9655899547679698,0.2668315442085397,28.528402611371064,25.01305629301013,3.5153463183609333
0.3626906847102762,0.632180808066757,0.1886144973391064,0.4063379383140719,0.8260116813115949,28.51731002129341,25.01305629301013,3.504253728283281
0.2106430591510497,0.8748157221625762,0.3166235451117261,0.7521552230144437,0.8132256891543012,28.49169397614095,25.01305629301013,3.4786376831308203
0.3962385698171261,0.104053003701627,0.6634172023258876,0.0168056708591153,0.2859006564364552,21.540120509605742,25.01305629301013,3.472935783404388
0.6729132100960691,0.0392003220906396,0.3967487619567282,0.6282253252038622,0.236111398084675,28.481885742904677,25.01305629301013,3.468829449894546
0.7997843911773632,0.6502717360064246,0.6525663431185968,0.2417190270403298,0.9315469997139064,28.46507255194362,25.01305629301013,3.45201625893349
0.2076753977786666,0.0956827533397659,0.2809634475906064,0.7558377244344957,0.7092672698364704,28.432022664686304,25.01305629301013,3.4189663716761736
0.1958809267878032,0.7104441086658025,0.4309169362437391,0.4392645491881928,0.1990749235963173,28.42188664138976,25.01305629301013,3.408830348379631
0.7191062547762137,0.297647740756101,0.7851617080974349,0.8209160862544929,0.1682628033772469,28.4127871590045,25.01305629301013,3.3997308659943677
0.1074138660013607,0.6883168306084626,0.5832774009071596,0.6849860762680632,0.1474048415912813,28.40294623042092,25.01305629301013,3.389889937410789
0.6623431640561452,0.4027032434712213,0.8702539895026317,0.2778118669468461,0.738333094272839,28.38909637174069,25.01305629301013,3.376040078730558
0.3243742240658378,0.4830260672701233,0.0683919513807275,0.3356740526397833,0.4239314303186822,21.683911274721165,25.01305629301013,3.3291450182889655
0.0321242499073164,0.6955553809022125,0.840905341455038,0.4177706197456653,0.3998351129285306,28.334866103815948,25.01305629301013,3.321809810805817
0.3442223661218933,0.5506946230204653,0.740382792373737,0.1962513300366914,0.0240861501036394,21.71206399784295,25.01305629301013,3.3009922951671804
0.0087446625356852,0.1011440203763237,0.6309804738159149,0.10639579092299,0.0799192837845986,28.286124276696608,25.01305629301013,3.2730679836864773
0.9654800970297668,0.1367057570303514,0.6703532147372248,0.134916135809074,0.0402162081709557,21.74035659310073,25.01305629301013,3.272699699909399
0.9713279610061584,0.6134633055350117,0.8001873600242372,0.1935887045694,0.4301199157066289,28.275226174161432,25.01305629301013,3.2621698811513014
0.265247672223445,0.4186905310935481,0.887440787441248,0.6089936786918176,0.2343770699531988,21.757012580808876,25.01305629301013,3.2560437122012544
0.8927388944855754,0.4118417360505181,0.9484602548219024,0.901772432586495,0.5530394238371258,21.78831310462017,25.01305629301013,3.2247431883899615
0.6236104957241567,0.0604472828046421,0.7537775414164871,0.1019989542069756,0.6096996750267276,21.79159742025645,25.01305629301013,3.2214588727536793
0.8855001316623382,0.7227677961181628,0.8691177015273139,0.457396954507697,0.2898377598483289,21.821107072932985,25.01305629301013,3.191949220077145
0.7583303423817719,0.4173431460351383,0.4209161167117403,0.9802931936843958,0.821678580487729,21.827665993633996,25.01305629301013,3.1853902993761345
0.3282595084995995,0.6841552319540906,0.8697653833797543,0.9380655254375796,0.1983074372533787,21.8283498203147,25.01305629301013,3.1847064726954315
0.3480313945720903,0.99615045713991,0.2632227960852408,0.0772603926270238,0.0646131541340792,21.837229513117293,25.01305629301013,3.1758267798928372
0.4647966564234386,0.2277484252517195,0.9291062940159532,0.1939425128564825,0.99163022960936,21.84036438752261,25.01305629301013,3.172691905487522
0.7217695817906671,0.4338068912930343,0.6842499497920603,0.6301527347678408,0.7223258212806183,28.17488318669756,25.01305629301013,3.1618268936874294
0.024840164275678,0.7077928778211916,0.7534519561800174,0.494384676758412,0.0066563847285789,21.861498782918098,25.01305629301013,3.151557510092033
0.6181748214299447,0.0133438086905066,0.2454175783277996,0.5972447091719286,0.664987494475763,21.867773630934963,25.01305629301013,3.145282662075168
0.6153867940017469,0.928325236136174,0.0016333607311411,0.1384834167409588,0.9844575593855296,21.86930931597381,25.01305629301013,3.143746977036322
0.3814462725502492,0.6850701176357518,0.2422151219702089,0.8798977457637749,0.0899888961133085,28.133400476398773,25.01305629301013,3.1203441833886423
0.3622123778515358,0.7425406385915153,0.2000871004226008,0.2658012010018111,0.2716646438077795,28.121153985181312,25.01305629301013,3.1080976921711816
0.3322494954274577,0.5939896820223409,0.7495121856682001,0.2693998513536044,0.0484551280720075,28.118482987130868,25.01305629301013,3.1054266941207374
0.8145730918087146,0.6811851429165764,0.3772638265951292,0.5692068343022726,0.0947883984068814,21.912887371244462,25.01305629301013,3.1001689217656683
0.8077546393681229,0.6605331299794986,0.3931316182146741,0.0485259568456629,0.1331373480522918,28.10413772751215,25.01305629301013,3.091081434502019
0.2162527937179534,0.3074973044407713,0.2361906144902378,0.2923742552209983,0.0007604909337823,21.92814355949468,25.01305629301013,3.084912733515452
0.7948494120472609,0.6341955754613257,0.1037876842845085,0.8810389878538866,0.6502815606833292,21.990199100345205,25.01305629301013,3.022857192664926
0.6617155210703882,0.7656441079368551,0.5605678441019324,0.8340309330369924,0.6987438433766399,28.026344458770303,25.01305629301013,3.013288165760173
0.0711156473361723,0.7748498243112873,0.8300619653073077,0.0014873482674602,0.2768642588996012,22.011499012640154,25.01305629301013,3.001557280369976
0.4069410705688664,0.3351236475675772,0.0058859045027193,0.4583543863649328,0.9190035198400508,22.01925680201065,25.01305629301013,2.993799490999482
0.885096223698469,0.2769541448367271,0.212596172988851,0.8029885991299525,0.8684764454917128,22.05946203629824,25.01305629301013,2.9535942567118916
0.5138690798991391,0.4824793848668822,0.3946296015450405,0.4401949662207852,0.6324789025955788,22.088240658395428,25.01305629301013,2.9248156346147027
0.338726197873083,0.1179321549331914,0.0605138285143264,0.0995303086416189,0.917188263212736,27.93650363334419,25.01305629301013,2.923447340334061
0.0569094489971889,0.2585742766743003,0.5358435650030202,0.8503272948426281,0.6828976252103482,27.929305081949924,25.01305629301013,2.916248788939793
0.2132406476456264,0.8260728049921435,0.9217738334410808,0.0032505908746254,0.7054156540630397,22.09964766561743,25.01305629301013,2.913408627392702
0.1322867799961385,0.0460809536668227,0.2246767510115944,0.4884668313272522,0.3483459250742251,22.11167935070907,25.01305629301013,2.9013769423010594
0.1325276571841197,0.8617197549101379,0.4485986726109312,0.7133927880067626,0.3349842784718871,27.91020371915117,25.01305629301013,2.8971474261410393
0.8719900954843512,0.2667906851999846,0.4114877260145402,0.7608926956364206,0.5615276200313793,22.117189238049885,25.01305629301013,2.895867054960245
0.8707878890078485,0.9732429359469078,0.5915904906051118,0.5070669824880563,0.0263639212755156,27.90546198752057,25.01305629301013,2.8924056945104404
0.5874793044408713,0.768836068988199,0.992056656027014,0.6585802777787698,0.3226970475780811,27.89612191212772,25.01305629301013,2.883065619117591
0.2867696333998397,0.1153652307636866,0.6472620712786842,0.5452337210453878,0.4945856086117822,22.137866172868293,25.01305629301013,2.8751901201418377
0.2371883254403052,0.0539213051674143,0.5696644377186085,0.5294628899716519,0.3456052236844896,27.87004516048778,25.01305629301013,2.85698886747765
0.1176974558512876,0.152290946879938,0.7674072028606516,0.3954124708217337,0.3582805365405196,22.157194456690693,25.01305629301013,2.8558618363194377
0.5068398523240769,0.8377206299809045,0.4380953200867941,0.4428287306271236,0.165805156587574,22.163864865671545,25.01305629301013,2.849191427338585
0.5874317219689377,0.363257144730242,0.5321760538955612,0.8329897073455289,0.1279022629382746,22.174779267237625,25.01305629301013,2.8382770257725056
0.2350680689051535,0.928160876696388,0.2481590848149932,0.9341497080693972,0.7182044212454058,22.179824409824004,25.01305629301013,2.8332318831861265
0.9009075179837018,0.8282597740020915,0.6852186896280776,0.4070154581192827,0.5763870515926016,22.208390992120197,25.01305629301013,2.8046653008899334
0.648149077505737,0.4166302218266879,0.2866625164005312,0.6594786747707196,0.6052473403689264,22.20940913227588,25.01305629301013,2.8036471607342506
0.5081198182860474,0.1358323743942582,0.2938377278184646,0.5722626022669404,0.5526454204586734,22.221407144100084,25.01305629301013,2.7916491489100466
0.1148222383922286,0.683014343368375,0.9293280701871404,0.6747424222761492,0.0805508079552788,27.803529937683063,25.01305629301013,2.7904736446729324
0.8014353760129459,0.8140236126981223,0.3362016386542129,0.1991314792717446,0.9800392173413508,22.223776035880064,25.01305629301013,2.7892802571300663
0.1710090920565748,0.7000657094112008,0.5388654644592914,0.3818072139525174,0.8420731055971605,27.768463274320748,25.01305629301013,2.7554069813106175
0.4987960066969132,0.968093845161214,0.7614814568768207,0.2839986576582082,0.2281331187731281,22.26107463580912,25.01305629301013,2.7519816572010107
0.4082937498578617,0.6245494555537658,0.6334783310097696,0.5665286602334327,0.6881109471736768,22.267652207808045,25.01305629301013,2.745404085202086
0.6865296216587344,0.5627370617569587,0.5114103970068707,0.5798628363134608,0.8814331585955204,22.27467864823573,25.01305629301013,2.738377644774399
0.7348855471945414,0.1660196602540617,0.988448229204806,0.1220898311404972,0.0370617036348133,22.281004269589864,25.01305629301013,2.732052023420266
0.693063238454944,0.1934994789561963,0.0311571077234293,0.9869299900247076,0.8634925395366669,27.74090488074281,25.01305629301013,2.72784858773268
0.6581140353629905,0.9676640558284187,0.1875269449852483,0.6383893777447187,0.8628146926364563,27.728536494727454,25.01305629301013,2.715480201717323
0.0167968616540651,0.2279712611806956,0.8066690651322856,0.6398173679517275,0.7625146113749475,22.306541508536927,25.01305629301013,2.706514784473203
0.6605007170306842,0.739725192381347,0.6810155869967565,0.993835937650734,0.6109192825853784,27.712042721031604,25.01305629301013,2.698986428021474
0.9913783847560608,0.8015499654585356,0.6807330089985985,0.3371013047759448,0.1419399702085146,22.3158667751991,25.01305629301013,2.6971895178110294
0.9401539324520768,0.7204582905490552,0.4676986294358062,0.4074366660530484,0.4277381522228507,22.33090152811921,25.01305629301013,2.682154764890921
0.2484210653434467,0.5441630922746488,0.3026275769774156,0.6319909462228873,0.925363787382584,27.68823053937125,25.01305629301013,2.67517424636112
0.9066688555169268,0.6170961714163575,0.8501584493502001,0.3250726551255147,0.9619006252153938,27.663703237544432,25.01305629301013,2.6506469445343015
0.4771180896072584,0.8361133947375263,0.1952385670337242,0.4409644877310424,0.9395185840425772,22.36569635357356,25.01305629301013,2.647359939436569
0.0538644617906142,0.9025782573612342,0.8328664107070748,0.4659111068156656,0.16065358049229,27.648598811034415,25.01305629301013,2.635542518024284
0.2865674588348468,0.9220772101412968,0.2227317247396044,0.1076050386868181,0.8948640018471326,27.642905537609607,25.01305629301013,2.6298492445994768
0.6688961689086809,0.9120806529657972,0.6154074196446534,0.7296025149958244,0.9298464361310066,22.385184301353256,25.01305629301013,2.6278719916568747
0.3436524488334725,0.3772840788810492,0.6541846453415627,0.7274124977083827,0.2439642492953654,22.38544493661507,25.01305629301013,2.627611356395061
0.7555714759133966,0.5255532304608362,0.1307921706911737,0.6529407644029962,0.4471242344176896,22.391300193832947,25.01305629301013,2.6217560991771833
0.8566423188167623,0.2931151468011903,0.1954814788671437,0.1201798998756492,0.556518007014906,22.39837173962568,25.01305629301013,2.61468455338445
0.049460867731554,0.9923384223523452,0.7206086317063748,0.8270775953484085,0.5244054301343927,22.400790904306035,25.01305629301013,2.6122653887040954
0.90954815218977,0.1245189302583388,0.049271730445987,0.8336826309747581,0.9404323482769642,22.403761563073548,25.01305629301013,2.6092947299365825
0.5784917644693067,0.1507716874299429,0.970566247565814,0.9205168532163104,0.2651184351449682,27.61790468606389,25.01305629301013,2.6048483930537607
0.5559698444179373,0.0077521316981303,0.6413739930784331,0.8528444556903108,0.1196313722616734,22.414708111936708,25.01305629301013,2.5983481810734226
0.5427878618063863,0.5725741561445308,0.3568002352559518,0.2658189220502199,0.1126763976240867,27.6075834259001,25.01305629301013,2.5945271328899686
0.380091435392316,0.9293563791002898,0.3891374947896303,0.9914310108962616,0.2065267453797247,22.43955588340533,25.01305629301013,2.573500409604801
0.5310538449265655,0.8473610784198471,0.8170012860467556,0.1792013225823484,0.550694674460381,22.439998483908457,25.01305629301013,2.573057809101673
0.0997502656752761,0.7925491704006232,0.1192975431438836,0.7064955525638331,0.9108479835098156,22.44011512259994,25.01305629301013,2.572941170410189
0.2706432907294926,0.7975206453116241,0.3485076601569423,0.0301488570782482,0.4334726246688317,27.579814787552944,25.01305629301013,2.566758494542814
0.0490126648052988,0.2616625080381731,0.1880828934822277,0.2733074125633663,0.5093889472853477,27.57956860466308,25.01305629301013,2.56651231165295
0.2024486004195351,0.5464620858637159,0.4443234917078467,0.0910139816750077,0.1173921386475504,22.46786985949308,25.01305629301013,2.545186433517049
0.6531980963990783,0.177313268084675,0.0216485877424013,0.1590243437731607,0.3217292034600969,22.48141247201466,25.01305629301013,2.5316438209954697
0.2821294612303593,0.3013138609725232,0.178834973503143,0.3102815484563975,0.1454560935405544,27.531276946487576,25.01305629301013,2.518220653477446
0.8960336885333494,0.405371081663987,0.504597947699383,0.3041732741526095,0.2566888710090408,22.50039622364652,25.01305629301013,2.512660069363612
0.880982254240854,0.9595039910479358,0.4339094324794318,0.0079051771207139,0.7827458137651854,22.50786548808432,25.01305629301013,2.5051908049258103
0.2152590109075841,0.4572681370795712,0.901564397985049,0.9180613570238884,0.7976771307488902,27.511772416752944,25.01305629301013,2.4987161237428133
0.9007349219616874,0.5706114307575677,0.6974960142619455,0.4977696824792222,0.4728376641179479,22.51459843963821,25.01305629301013,2.498457853371921
0.4547721439833565,0.5779931690338163,0.9213122265324072,0.4282603910694508,0.566307043711099,22.540894396358727,25.01305629301013,2.4721618966514036
0.3254140732874975,0.6927845107618389,0.2077006875217775,0.1613200835786252,0.0556624629362354,22.55711128960979,25.01305629301013,2.455945003400341
0.9575705354899732,0.2144917357738065,0.5401356933137201,0.6605103836556494,0.5320078988878079,22.55812022896046,25.01305629301013,2.4549360640496722
0.793377880610549,0.1833665278629538,0.2888727820979644,0.0085174865585446,0.2648580722078226,27.464600187295986,25.01305629301013,2.451543894285855
0.8152388085476745,0.8726253267157782,0.0808161938979185,0.7862766396407822,0.0012918514886093,22.569741733047906,25.01305629301013,2.443314559962225
0.3255872836383071,0.9426902593221128,0.1016189347193551,0.5676366025725644,0.3908088844643415,27.453646787401876,25.01305629301013,2.4405904943917456
0.6329287401863636,0.0027316063359487,0.3271181477445252,0.1064434987948711,0.1079717093592075,22.59364390619874,25.01305629301013,2.4194123868113913
0.1997308390176874,0.3460826595743749,0.8889534933582899,0.1676526766848206,0.9592922363662602,22.613678160289822,25.01305629301013,2.399378132720308
0.68199045616698,0.0765352186866679,0.0632939920435564,0.6133251281261513,0.1752880782596829,22.61822654669465,25.01305629301013,2.39482974631548
0.5728106719636575,0.7207643424673068,0.5086068519492786,0.4717497241185985,0.6867906999210904,22.618734023135683,25.01305629301013,2.394322269874447
0.641187005653331,0.816699775371947,0.0055889684035262,0.5946837797184696,0.1459188186539551,27.40439186634841,25.01305629301013,2.391335573338278
0.5287353874578814,0.3584045770380669,0.2206269720719867,0.2802257054653039,0.3528090725287859,22.63040228171029,25.01305629301013,2.3826540112998416
0.1219926740722816,0.6464684846384969,0.9282196311326972,0.7056530468782114,0.0343477111949527,22.632602591312896,25.01305629301013,2.3804537016972347
0.9378948311297212,0.8139068268619315,0.2845781568733148,0.188810227696792,0.5847033026139594,27.38983640971566,25.01305629301013,2.376780116705529
0.3856473824290445,0.7220714574616912,0.6013426744820142,0.7179836880790359,0.5568087938620041,22.640919233936568,25.01305629301013,2.3721370590735624
0.4587347322512194,0.6272626861977412,0.0226176623380385,0.4727512334503985,0.301129499001551,27.38402292308316,25.01305629301013,2.370966630073031
0.3501826385432673,0.4598076964672087,0.9099590733251428,0.2564948854184161,0.3170784526102101,22.651081214683018,25.01305629301013,2.361975078327113
0.0532361616195901,0.7541238607211139,0.6654017720781022,0.3291586317699546,0.9135714550291014,27.370698249055568,25.01305629301013,2.3576419560454376
0.0208569906373939,0.4911993586874544,0.0940994199059157,0.6057930020569947,0.6071426887006558,27.357359888163845,25.01305629301013,2.344303595153715
0.1310407383638925,0.313371831065618,0.8028631822689721,0.3951632855415576,0.033979899268585,27.348558467619053,25.01305629301013,2.335502174608923
0.2645933558498523,0.9688069606979736,0.3571410177553779,0.0578478665673435,0.9757839034625304,22.67892394193791,25.01305629301013,2.3341323510722205
0.5884543085557472,0.987969020951097,0.8889534040327612,0.8931091883285214,0.1336083383923019,27.34686616869572,25.01305629301013,2.3338098756855885
0.5170935552966928,0.5463599693017749,0.3024481809571411,0.2957049800913278,0.4073538533741001,22.68113525647898,25.01305629301013,2.331921036531149
0.5471801303396868,0.1083382844949549,0.920918606846826,0.118902072577115,0.7929880798313158,22.681194195944187,25.01305629301013,2.331862097065944
0.5695816452020986,0.0652154483265126,0.9148087336836516,0.6728942982782042,0.4852355353395406,27.34211191576357,25.01305629301013,2.3290556227534402
0.8190493762801364,0.7365024092789295,0.844223500310112,0.910870633869058,0.0258763224516858,27.34171260180466,25.01305629301013,2.3286563087945282
0.8271027849987987,0.1399035621357099,0.9220107778034629,0.540065314741357,0.4472601501326277,27.309363063839104,25.01305629301013,2.2963067708289735
0.2831521462754716,0.6810612767632027,0.8270732820775606,0.2652973358208623,0.3973064567161584,27.292067626572976,25.01305629301013,2.2790113335628455
0.6936436938148086,0.2609898599563445,0.2612782805470957,0.8685996749749951,0.9696346780185758,27.278463849093377,25.01305629301013,2.2654075560832467
0.9053968511453222,0.2375836303293879,0.5334297589979252,0.0585857641956155,0.8611188569194468,27.27750710128658,25.01305629301013,2.2644508082764503
0.8898989717424779,0.7115991803843116,0.7489817844725677,0.3705189017912343,0.5735738466530074,22.771441155597312,25.01305629301013,2.2416151374128184
0.0736256589069815,0.3336467709446215,0.435106595666088,0.6080542681780414,0.4872483719381311,22.77366548129012,25.01305629301013,2.2393908117200105
0.6801391626674937,0.3992274003560574,0.1997212148024465,0.4008021235135832,0.4589356347709382,22.786860829636822,25.01305629301013,2.2261954633733083
0.5236873078268792,0.9891133146532336,0.3852441936838021,0.4301604630222262,0.2747222775194159,22.812704096075407,25.01305629301013,2.2003521969347233
0.6374597077900517,0.1233190714747382,0.961886428229125,0.2655315548711625,0.2007411576394024,27.20734835449988,25.01305629301013,2.194292061489751
0.2905453055265379,0.1486066868364941,0.2969321033386752,0.6519841728669463,0.0400097668326503,22.819244766434387,25.01305629301013,2.193811526575743
0.6072686022070587,0.3021894389898815,0.5134242878483801,0.1149911873321071,0.1442994783959528,22.8244846465524,25.01305629301013,2.1885716464577314
0.4653424345425688,0.9356084205047844,0.3763755986100531,0.3092371521746611,0.5832293584242007,22.82506133319953,25.01305629301013,2.1879949598106023
0.9790069709205864,0.347175585555955,0.5280977815528259,0.5695394474836409,0.2680611729241369,27.198258716229788,25.01305629301013,2.185202423219657
0.4918294682290144,0.3464061180234711,0.8499302295161801,0.9782768589429632,0.7854544881785902,27.193631143668043,25.01305629301013,2.180574850657912
0.165937401271538,0.8935249893079984,0.1011720475771318,0.1250219178329283,0.966183982089614,27.18371372617959,25.01305629301013,2.1706574331694597
0.6604877685195956,0.6716709780148169,0.9761612670570736,0.3052042486848429,0.6062310916696207,27.17941367695228,25.01305629301013,2.166357383942149
0.5017666347367277,0.7955960261488334,0.26107473245317,0.1658722559153633,0.9028330840524246,27.17053023621117,25.01305629301013,2.1574739432010404
0.6973247208239933,0.5557545815360394,0.269670471851664,0.0812777464515718,0.442105547912896,27.139666608087325,25.01305629301013,2.126610315077194
0.9411044757699204,0.4167356949453238,0.426473060728354,0.7207389821576117,0.4146606628121084,27.1370818275346,25.01305629301013,2.1240255345244705
0.91376610562674,0.852062103488399,0.7840423817117512,0.3637307496105963,0.4435899845203905,22.8894405308249,25.01305629301013,2.1236157621852314
0.6067176971739152,0.0837402912057332,0.2125741922411697,0.1999003860897275,0.4185126142234411,27.136606580929158,25.01305629301013,2.123550287919027
0.8588397212742653,0.5542881488082633,0.8247522079259317,0.3776711823946064,0.9006679160100899,27.12844699317924,25.01305629301013,2.115390700169108
0.4580535574421001,0.6354309582531593,0.0875641588926046,0.2418616124343729,0.0519293129364738,27.12738451246446,25.01305629301013,2.114328219454329
0.9809206432285188,0.2800451873724878,0.5664010575890923,0.1292725414348217,0.0275193744504776,22.919011264268445,25.01305629301013,2.094045028741686
0.3817293281705957,0.6374750032289358,0.7500639960137896,0.475719919071383,0.593219432176874,22.947473897788324,25.01305629301013,2.0655823952218064
0.6914928320883649,0.3769641193342131,0.644769243581541,0.7378372045524737,0.9946107338444412,27.070522329878525,25.01305629301013,2.0574660368683944
0.3812225527567581,0.943161395173146,0.6908972087540575,0.5771629999804181,0.744371732659943,22.96166200165302,25.01305629301013,2.0513942913571093
0.0366383574580753,0.7540103842373961,0.0186379367188537,0.7780928594412747,0.1444344236966668,22.97883931919976,25.01305629301013,2.03421697381037
0.0015117419016171,0.2431359385351724,0.8771475075336982,0.7811888953279094,0.1564472689778822,22.981890407186224,25.01305629301013,2.0311658858239063
0.000917577737012,0.6909442405502739,0.112597871298208,0.6805832608612934,0.9906236645568244,27.043113975315297,25.01305629301013,2.0300576823051664
0.8593520443952792,0.1437461182649061,0.6818604973090695,0.2704715298443887,0.6134148237576271,27.025084309550568,25.01305629301013,2.0120280165404374
0.4482943821817173,0.1724486479839362,0.9685594245851226,0.9438258643951358,0.9891764116418276,23.02614967905511,25.01305629301013,1.9869066139550213
0.2872012637735002,0.9052242251761246,0.0472363217532175,0.8863691967249672,0.5901377132875864,26.993963439278765,25.01305629301013,1.9809071462686347
0.4233402393794381,0.4931404586829442,0.1977480933507821,0.8541826363735148,0.9285247541408368,26.98053548685718,25.01305629301013,1.9674791938470477
0.4504982544001643,0.976661764362302,0.7278670335556998,0.6307832445560975,0.902069539281624,23.055126162219697,25.01305629301013,1.9579301307904338
0.249150969327539,0.3034556329877728,0.7804118561015108,0.0720507524525135,0.9195328582212732,23.06075102191673,25.01305629301013,1.952305271093401
0.4100644476420817,0.5038793936493537,0.0923581304756037,0.742882866094776,0.1076418256953181,23.06595987884865,25.01305629301013,1.9470964141614822
0.0926392632097838,0.0753072718016346,0.1370823695776086,0.8925486871369172,0.6617267759513014,26.93389299248257,25.01305629301013,1.9208366994724386
0.1199329951731661,0.4948382637158641,0.2089110927506948,0.4420568226207551,0.3538903293424117,23.102652539470583,25.01305629301013,1.9104037535395477
0.0176236140863927,0.808932837284309,0.5460677505171542,0.3290996720923744,0.1066230810807109,23.10843224206953,25.01305629301013,1.9046240509406012
0.4392006361922379,0.9441653905463252,0.8438665252996759,0.5820663666638134,0.7223668572979784,26.91587620585812,25.01305629301013,1.9028199128479883
0.2489510324047213,0.9291589171238096,0.3709219238319853,0.198138620154377,0.8233227871226009,23.12349202759308,25.01305629301013,1.8895642654170501
0.7224946321971377,0.057070175291472,0.1399935543961382,0.186187477353075,0.5909285865480306,26.89022117635715,25.01305629301013,1.877164883347021
0.3142470269259851,0.9377592717347788,0.7676382193492152,0.0194164996983357,0.7604293199553477,26.85710928334792,25.01305629301013,1.84405299033779
0.6996914032509102,0.6092039337293385,0.1924442765686362,0.9212581474634146,0.1006648764149259,23.175479035515423,25.01305629301013,1.8375772574947078
0.8733490979855618,0.6066353174782968,0.3113200568359212,0.8129023724983431,0.4410411856409376,23.20329749902299,25.01305629301013,1.8097587939871396
0.471369459438314,0.0402680122742092,0.7669850811505565,0.0599869217515637,0.2444084672656529,23.2069048299868,25.01305629301013,1.8061514630233297
0.0791330247437204,0.9095690564484676,0.2893214319328705,0.2128791718303591,0.6511091614995554,23.208898735264032,25.01305629301013,1.8041575577460982
0.4324555332737285,0.6318058436209052,0.8574641769237359,0.1314302361875047,0.4856633344669954,23.211260676039387,25.01305629301013,1.8017956169707432
0.3795838126056873,0.0103134869227539,0.5653634361314855,0.3290809776702609,0.2959456153307638,23.216446775377143,25.01305629301013,1.7966095176329873
0.8953445794486398,0.0088915010557403,0.1780889432923526,0.0361100517394532,0.2633668504124683,26.80624397111768,25.01305629301013,1.7931876781075502
0.0835847655328527,0.2014206612672673,0.0374024665996423,0.5408034773092568,0.702506850179149,26.80279276148745,25.01305629301013,1.7897364684773187
0.6611381273061252,0.9598820360364044,0.2940580843733896,0.7406899454016134,0.2055663475593649,26.802406880270446,25.01305629301013,1.7893505872603157
0.6079877987829638,0.2660774263385711,0.1476085026018918,0.7731790840198315,0.813533556252231,23.225532261577715,25.01305629301013,1.7875240314324152
0.4864815422919571,0.5236780201763089,0.8130096431193305,0.5017334673433438,0.5929444064927247,26.778042760607907,25.01305629301013,1.764986467597776
0.0509627104013149,0.7394881102183978,0.5041105505437211,0.2222684283752761,0.4991026186121706,26.77185414442098,25.01305629301013,1.7587978514108507
0.2375564441298199,0.6149614711253343,0.4050184944210668,0.6234116717593087,0.705263057262824,26.76545201985922,25.01305629301013,1.752395726849091
0.1746774569874651,0.5990511049737806,0.5797844802219566,0.579559207531626,0.1235577962493216,23.261763310676773,25.01305629301013,1.7512929823333572
0.618166125114193,0.7071676912605946,0.3266582577509895,0.628082514461768,0.3092413128504105,23.273996939505025,25.01305629301013,1.7390593535051053
0.0772927343189312,0.929832510601372,0.3505003482119028,0.6455819229684973,0.3251183680629225,23.29939022848579,25.01305629301013,1.7136660645243396
0.8816520962073521,0.0769142077206764,0.9966987585046576,0.1647402561397617,0.3356211638597594,26.71348784239172,25.01305629301013,1.700431549381591
0.6277701048201842,0.6840339330004014,0.01877398511406,0.2934373070949226,0.3025298397710189,23.31522717832908,25.01305629301013,1.6978291146810491
0.513908071072176,0.4191561716986673,0.976169140378204,0.7005410982686938,0.9628185857718452,23.31593622242066,25.01305629301013,1.6971200705894702
0.9449252063376432,0.6734001816384779,0.334716336716518,0.7289106038468363,0.7322357450865586,23.32971501438529,25.01305629301013,1.683341278624841
0.0746984838828686,0.7225827131923669,0.96229138436561,0.7706909589708734,0.8988919870138501,23.36887354945585,25.01305629301013,1.644182743554282
0.4587312495422871,0.7495840949158502,0.932642306537649,0.7783051387609556,0.534540290154465,23.393982055101063,25.01305629301013,1.619074237909068
0.5855174554673439,0.2885190752959345,0.9399361205262304,0.4745861022617728,0.5189020804753536,26.62981576519603,25.01305629301013,1.616759472185901
0.8937853596210619,0.4131724533514176,0.3714660001887055,0.790180021455543,0.5550865682329987,23.403565930134477,25.01305629301013,1.609490362875654
0.6402222126175376,0.7388732454685744,0.7465701167699145,0.1191092377943765,0.6216900808356915,23.40425710080821,25.01305629301013,1.6087991922019214
0.821991181682729,0.0985826421478227,0.6908886938166553,0.9594022343853684,0.9636677446984516,23.42333424757776,25.01305629301013,1.5897220454323708
0.8525951389706738,0.5591460602621241,0.1307649468344238,0.3908983585727673,0.3321222182468234,23.42968653767412,25.01305629301013,1.5833697553360118
0.0256665538229056,0.0944392400704237,0.3173556356537186,0.0897307154445149,0.4475746937932627,23.439208397776955,25.01305629301013,1.5738478952331754
0.9116161821752242,0.4441541905904146,0.0140713868340638,0.771995224404173,0.9967490473884634,23.445367393392388,25.01305629301013,1.5676888996177425
0.7482344192218725,0.1129409346399712,0.4281335908961723,0.3024286462738993,0.7389209041424484,23.46332004302548,25.01305629301013,1.549736249984651
0.0829289755860565,0.5523056971386732,0.0231628570388257,0.5601342810120262,0.8762283777983566,26.561044519865792,25.01305629301013,1.5479882268556615
0.339236260380432,0.2596551073130574,0.8570801964158112,0.846549447869532,0.6975908894587106,26.556316387667227,25.01305629301013,1.5432600946570965
0.1971543095280703,0.8539594841376649,0.7570040308933509,0.3271894600338663,0.9504124089703068,26.54107113057433,25.01305629301013,1.5280148375642
0.872620751676156,0.8504180104033383,0.5014141736122348,0.4166436977432676,0.0614954904230942,26.525768120746758,25.01305629301013,1.5127118277366272
0.9151275539325942,0.9773429638971473,0.3537639225954665,0.8058977035131804,0.1079778027244426,23.51326244712801,25.01305629301013,1.4997938458821203
0.4901178346152439,0.4895282571498058,0.3651136235176235,0.3094434743506166,0.0650602898408189,26.51262868022512,25.01305629301013,1.4995723872149895
0.9122158094891332,0.1316303180443454,0.0135000928699753,0.478939568171264,0.7523699398780578,26.51195997153062,25.01305629301013,1.4989036785204881
0.2996414370960576,0.6524603986927272,0.8573673471710532,0.6326510056068393,0.4799021109842301,23.521403929604222,25.01305629301013,1.4916523634059082
0.6870845162112804,0.9732543742823588,0.7871468234932593,0.922297362009708,0.373398521959261,23.53406382590791,25.01305629301013,1.4789924671022199
0.3806304181769324,0.974608753273134,0.9253217284612728,0.8923928903398775,0.8396581588753376,23.53589938948436,25.01305629301013,1.4771569035257706
0.6756197395452019,0.5820716268574103,0.917768313729005,0.7934466157024498,0.3201455119557037,26.478875324793904,25.01305629301013,1.4658190317837736
0.615110339203814,0.3635175736578849,0.1225223352802002,0.3609908364630053,0.2106585486810065,23.581813715287044,25.01305629301013,1.4312425777230864
0.5598955474978792,0.0562946807628913,0.9764192496971328,0.5101499009080065,0.2418984156724895,26.43703653238853,25.01305629301013,1.4239802393783982
0.0400300039422142,0.7990211702128157,0.5944036005925234,0.0002442271578142,0.65357802304758,26.4286761786855,25.01305629301013,1.415619885675369
0.8085446771106122,0.4804184711250712,0.9406893700246376,0.1263015921062855,0.4839728543619057,26.427690627107516,25.01305629301013,1.4146343340973857
0.9793536481148278,0.1705880847873886,0.794031762266493,0.3347901568477444,0.0050889477731286,23.640094835083683,25.01305629301013,1.372961457926447
0.7048612680692931,0.3718215168136235,0.871067767049024,0.1392126140317277,0.6286521448970325,23.651584049475336,25.01305629301013,1.361472243534795
0.9423464064776648,0.0063669705794869,0.961516715694474,0.8906744765439264,0.9597235020568792,23.65821116737394,25.01305629301013,1.3548451256361922
0.9635096230877632,0.6253627559192735,0.9219618729746424,0.9918882829514786,0.0690857152896411,26.362914582614675,25.01305629301013,1.3498582896045441
0.1694334447608676,0.3293973315328075,0.0575720396714396,0.4957959006477787,0.5546174804572436,26.36228950195284,25.01305629301013,1.3492332089427101
0.8069003514891455,0.1169153931901465,0.1550727000909757,0.5040302849221252,0.4715772274008802,23.666461535100336,25.01305629301013,1.346594757909795
0.2271888795197106,0.4120832151111585,0.750715841977143,0.84130478534179,0.8056889631512194,26.34323132633743,25.01305629301013,1.3301750333273006
0.5975266392489043,0.9534811880368697,0.4176903675217538,0.7075888115384058,0.8839622968845394,23.69487419418232,25.01305629301013,1.318182098827812
0.6461874098279279,0.1239781382846193,0.8829671111422062,0.4661988017469409,0.0260303485834737,23.70002566654937,25.01305629301013,1.3130306264607619
0.1884141446625851,0.4206895669017139,0.4324584262356552,0.6474177183533459,0.6635781217150333,26.299141220205804,25.01305629301013,1.2860849271956738
0.1525373166177159,0.9486522077035664,0.7901689609857455,0.1871040257383515,0.174821383227302,23.7300830613355,25.01305629301013,1.2829732316746316
0.1379172643305597,0.3032718264436433,0.733734471510915,0.5758342292105121,0.7702657631696033,23.73624377401753,25.01305629301013,1.2768125189925996
0.7761415035346256,0.0759101924713984,0.5573432560748989,0.4025361606066484,0.0923670354822934,23.74088917016529,25.01305629301013,1.2721671228448415
0.0741559397398423,0.522761405474153,0.1748625621169769,0.8344119435627069,0.8564176053809274,26.280934564708826,25.01305629301013,1.2678782716986952
0.8035199616528212,0.950476326722454,0.7543920610928208,0.2933673282722375,0.255838476857776,23.7592859453468,25.01305629301013,1.2537703476633304
0.1676213071138328,0.3938742484046725,0.3815830112407813,0.0387339787240016,0.9581081292768984,23.76107884642086,25.01305629301013,1.2519774465892688
0.4979058875665795,0.5825155902915077,0.9979373578621588,0.1242750450781866,0.6602156874115523,23.762534349518106,25.01305629301013,1.250521943492025
0.7995728840787559,0.7006868757657779,0.199538513280597,0.1030512518414061,0.9160036662362888,26.259305454980492,25.01305629301013,1.2462491619703613
0.0770146300344366,0.8290304513895245,0.1549166221994947,0.0029146111105832,0.2495806628774052,26.23996042746565,25.01305629301013,1.2269041344555198
0.5668941434553557,0.9649128373561162,0.1133633909557532,0.7561886937712918,0.9524054425382058,23.79842470470265,25.01305629301013,1.2146315883074799
0.8234691913414772,0.534759751478599,0.5651685012622261,0.4221337160854461,0.0097356669623204,23.8025844953028,25.01305629301013,1.2104717977073314
0.2343032428982653,0.2141410117098819,0.4499410629104475,0.857541433718795,0.9364600742811467,26.203429554441826,25.01305629301013,1.190373261431695
0.8373640645329268,0.7115618830416818,0.2849348867523525,0.4592920075531788,0.7575195290107856,23.825628932192146,25.01305629301013,1.1874273608179848
0.2654960758511887,0.0369087862192707,0.0478672717475489,0.752381891271421,0.9133665991222076,26.19656912204377,25.01305629301013,1.1835128290336385
0.0463463071191726,0.3995587570451305,0.7615797722886573,0.266105839881152,0.6731011300792559,23.836637765402653,25.01305629301013,1.1764185276074777
0.2559643056264857,0.0576310195480125,0.7159602713854265,0.6671845222128018,0.8187967371314364,23.847531508800174,25.01305629301013,1.165524784209957
0.4592169632952643,0.9212616307539928,0.2058708765417021,0.3206905681790943,0.3946386261918473,26.16328344803517,25.01305629301013,1.1502271550250391
0.6610547908090392,0.1885792241896482,0.2963547301178763,0.9561872861139,0.1306269641621051,23.88290285653548,25.01305629301013,1.1301534364746502
0.1654176588108888,0.945197168237551,0.8457466209163862,0.5450119891868945,0.6841711022054517,26.14303150477608,25.01305629301013,1.1299752117659487
0.6621246465593693,0.5330550809849482,0.9018058502441352,0.4435528455460458,0.0237613829955479,26.13871224304343,25.01305629301013,1.1256559500332983
0.9368115717620336,0.1317373132863617,0.8790841052902989,0.1453689839028421,0.7384082326432535,23.88937876714199,25.01305629301013,1.123677525868139
0.2572495213026616,0.1505344731956944,0.4295067928270051,0.694269472505643,0.8983688448702217,23.890316990757164,25.01305629301013,1.1227393022529668
0.0051478171018863,0.9222060554306548,0.0255909545672746,0.891598678420741,0.5138536571423412,26.092476783672623,25.01305629301013,1.0794204906624927
0.9654968247369178,0.0384982071925712,0.0171448133729679,0.2026125684017407,0.1834653932745842,26.0880203190661,25.01305629301013,1.0749640260559694
0.2694679673439859,0.725645252654887,0.8822865863914424,0.0135266939104934,0.9713245139037068,26.085053677689626,25.01305629301013,1.071997384679495
0.5766861677395586,0.2878919970220794,0.7802340860821282,0.76045811943572,0.2211200302930281,26.077818685897338,25.01305629301013,1.0647623928872072
0.8989845561068883,0.5026269440329647,0.6526746220167473,0.4203298388648067,0.4836353135720593,26.07267154396114,25.01305629301013,1.0596152509510084
0.734949337481565,0.2558333990375451,0.0440321316078637,0.5053189870977322,0.8661652269378768,23.961406396258223,25.01305629301013,1.0516498967519077
0.2446940424363004,0.4894853335994961,0.9168187991893268,0.7124733275392078,0.7343672311473208,26.049496677478377,25.01305629301013,1.0364403844682464
0.4230292056715508,0.818996560094042,0.4166965229213278,0.6487424712456036,0.5222742177496428,26.037339307676667,25.01305629301013,1.024283014666537
0.2053387544247454,0.1209457768090414,0.4535691326257108,0.0264236064228464,0.6443762791827302,26.030021519998183,25.01305629301013,1.0169652269880523
0.3509035216805614,0.092763412971475,0.50897294069093,0.8433220673734362,0.259257665759193,26.00115808891189,25.01305629301013,0.9881017959017591
0.2204372382136353,0.0717606566203764,0.423332476140557,0.0976593358171782,0.5965544083688863,24.036199842454725,25.01305629301013,0.976856450555406
0.0991727985253425,0.4131584390231236,0.3390347423419304,0.2158308155748902,0.2834725182871807,25.966454383022025,25.01305629301013,0.9533980900118948
0.0243563243050812,0.3890836667689067,0.155308915347718,0.5041655995478352,0.988741763241244,25.93871557608245,25.01305629301013,0.9256592830723207
0.2644024310357257,0.9976397615781928,0.486316105880562,0.5189254050120933,0.2814982576362885,24.087503615047048,25.01305629301013,0.9255526779630827
0.5050890604763021,0.0722154134236183,0.0700748861187833,0.1559101149975987,0.2875825466451426,25.93504355862865,25.01305629301013,0.9219872656185188
0.8595145772464444,0.0179180706703934,0.4292732452183987,0.2384581457561515,0.6341601750910872,24.092159536856755,25.01305629301013,0.9208967561533754
0.4903159345779806,0.5394938132988087,0.5302996569734942,0.1548324075805577,0.8328655383729494,24.095564519265587,25.01305629301013,0.917491773744544
0.4716058443144838,0.558068774979761,0.7890057667122202,0.5134072312503477,0.7650207566274663,25.92742763562559,25.01305629301013,0.9143713426154605
0.2758125272447211,0.8329883142041281,0.4674869923948824,0.4259878521874055,0.6808113520856828,24.10380137048636,25.01305629301013,0.9092549225237718
0.3824590201979805,0.3206575865989066,0.6624359107187083,0.6640994650690869,0.4220456144994111,24.11002232071429,25.01305629301013,0.9030339722958409
0.7804262258624163,0.6785519790929094,0.6999027264523195,0.1319395884870682,0.9459174839519078,25.90991487215293,25.01305629301013,0.8968585791428012
0.7634004245518787,0.133325766057745,0.1658217036674917,0.1521165157966062,0.9998541322569058,24.12136683333933,25.01305629301013,0.8916894596708005
0.8112996166889791,0.4650531091448442,0.4134146344344697,0.1160754892035628,0.7845154372773051,24.133575628341312,25.01305629301013,0.8794806646688187
0.6989151764584208,0.1173986319314895,0.6143564877838553,0.7127249370211698,0.4967582888675325,25.877438527798198,25.01305629301013,0.8643822347880672
0.4621394069720212,0.7615801712290294,0.4017353428764105,0.694721970294708,0.3845354207948269,25.872914186100363,25.01305629301013,0.8598578930902327
0.1939969852542984,0.6155115455278711,0.2480973927828913,0.0164038410422616,0.022306535067195,24.15548381311028,25.01305629301013,0.8575724798998507
0.2657211033968037,0.0245187648267463,0.0824553174247403,0.4547798608147537,0.1314006176060733,24.1741789293078,25.01305629301013,0.8388773637023306
0.9178323951890264,0.9250865290437162,0.203931281782456,0.260647587083881,0.0951214839645598,24.17502551167169,25.01305629301013,0.8380307813384391
0.2501316569362312,0.881574139480797,0.8516686346719421,0.1609573399628618,0.1556097149243159,25.844338404002745,25.01305629301013,0.8312821109926141
0.2192308191655679,0.6737004402055302,0.3540807783666485,0.0794397140454372,0.9713029279986988,24.18280345335342,25.01305629301013,0.8302528396567119
0.4571196185875357,0.0841915107249707,0.1319814496604312,0.0071617356651775,0.3303940242532103,24.193148859804623,25.01305629301013,0.8199074332055076
0.9606744003222748,0.8109972750011094,0.2174487987972616,0.3501402357493212,0.2932798126945979,25.817169063643423,25.01305629301013,0.8041127706332922
0.6534122944026973,0.1606108013567241,0.0144218951737984,0.6334983860659248,0.1911267349212818,25.80495896957116,25.01305629301013,0.7919026765610298
0.6334595079530518,0.1697023590352983,0.6383833801573369,0.3825158988349502,0.474890678431324,24.22749566449559,25.01305629301013,0.785560628514542
0.1635111429916326,0.6787966148737621,0.4600496312508526,0.2935058814756655,0.2018027310715169,25.787748883869487,25.01305629301013,0.774692590859356
0.1017195215367285,0.6314204622614239,0.1840291983659855,0.8364562129930884,0.4719080400661892,25.77659267391926,25.01305629301013,0.7635363809091302
0.0131063095700266,0.8026494667759312,0.8952595011776973,0.3037894612657439,0.7682636233690093,24.249811892249785,25.01305629301013,0.763244400760346
0.3412321163797478,0.7419474565959253,0.7354045414508188,0.5649116229270021,0.1252464731783036,24.255839238954767,25.01305629301013,0.7572170540553635
0.5931066530766834,0.7300198006370263,0.4127487203822801,0.7095875388784953,0.9263327498420292,25.75472441877794,25.01305629301013,0.7416681257678093
0.7157838981951308,0.7006607588423871,0.5445711608479811,0.0437022097132274,0.8790929635162874,24.275616964279106,25.01305629301013,0.7374393287310248
0.3847536293549632,0.8441393511427573,0.4116231119128015,0.0421192188567005,0.3192855317745943,24.30285052081251,25.01305629301013,0.7102057721976216
0.2106760071012696,0.8683108834912396,0.9249829160275328,0.2364460093602938,0.9584970970740886,25.697841185796623,25.01305629301013,0.6847848927864923
0.97021447276776,0.5117771467657289,0.1030633163399422,0.3534853964394713,0.6873943568209494,25.69353476182395,25.01305629301013,0.6804784688138206
0.3793086934400068,0.7138006811804796,0.5945505593841441,0.3680526371862945,0.6688038104004799,25.68766024756709,25.01305629301013,0.6746039545569609
0.9699908073072164,0.0374142401182182,0.4139930137544003,0.3956762581979385,0.8788152847172384,25.677471945751314,25.01305629301013,0.6644156527411837
0.3498098292449674,0.0180611748776422,0.3994210291266998,0.1718925164746022,0.063762602419941,25.65487404172063,25.01305629301013,0.6418177487104977
0.6973310649615047,0.4693861876627446,0.445900003743504,0.6087846782597779,0.1111531586923885,24.37381565133527,25.01305629301013,0.6392406416748599
0.901334368157574,0.7244628904749032,0.6308129571671934,0.2503908564689026,0.6496057958784746,25.640925096885017,25.01305629301013,0.6278688038748861
0.2285057643074174,0.6872489453467198,0.635109912816886,0.8587112681140741,0.1855633097378134,25.639625798326275,25.01305629301013,0.6265695053161444
0.1976119975597855,0.7148793521053007,0.2712438017461479,0.7697959530757484,0.6163498069757773,25.633284834743822,25.01305629301013,0.6202285417336917
0.2704329746062541,0.7294038266682373,0.7401662631835818,0.8302896002358643,0.6086785674206415,24.399003835268516,25.01305629301013,0.6140524577416144
0.3842547516928091,0.1559996782486012,0.0486967594848249,0.6244278828352332,0.1833932439531247,24.418290839566264,25.01305629301013,0.5947654534438662
0.7679388354725989,0.2845100652846871,0.4151564165695567,0.8375530360408553,0.7937798848690175,24.422583952485223,25.01305629301013,0.5904723405249079
0.3906246039740807,0.85112300173349,0.909748682541032,0.3451408998511384,0.1831680866679482,24.4305622675617,25.01305629301013,0.5824940254484297
0.731940034880339,0.476114542300564,0.1754324578069412,0.151634428983026,0.4574205044311316,24.445507201072243,25.01305629301013,0.567549091937888
0.2264871879635283,0.2451128029573201,0.5222467107318662,0.6242037620786856,0.8949738237471703,24.4558498227866,25.01305629301013,0.5572064702235302
0.8778386328291591,0.994024864819206,0.9129397444774132,0.3792558489706471,0.2876582459375295,24.482471424190692,25.01305629301013,0.5305848688194388
0.8765836528240891,0.3677150795067745,0.2815914392040617,0.7894241293753411,0.7298456898631642,24.491574943168693,25.01305629301013,0.5214813498414372
0.8602511157325913,0.5582759841506345,0.4497949458258784,0.9677642412598202,0.4320920210081836,24.49587717929207,25.01305629301013,0.5171791137180612
0.9459849600335336,0.2205179077893087,0.096668606414397,0.2209744085010656,0.8675746184757699,25.501012086361573,25.01305629301013,0.4879557933514427
0.1403511563367732,0.0609371439235798,0.4239134193766382,0.7481139259124711,0.4122470250314652,24.550630810201174,25.01305629301013,0.4624254828089569
0.1645031044544542,0.8123665653249111,0.1446702837299102,0.5697927505987633,0.2772540633759309,24.55266027750992,25.01305629301013,0.46039601550021203
0.9800419992437854,0.4530635024145766,0.1736237918640412,0.0239862197369523,0.66645017181636,24.555310811300046,25.01305629301013,0.45774548171008433
0.2123531841762111,0.3344893641080787,0.3412244350765455,0.1636175998243522,0.1360708253472606,25.4615621008168,25.01305629301013,0.4485058078066686
0.2908572739092165,0.1703149559109964,0.3290236198548193,0.3244912483177402,0.4336056624739094,24.56738603107446,25.01305629301013,0.44567026193567116
0.7938690526406637,0.1089979762245563,0.4165197122177569,0.1082925755776699,0.006231789061229,25.428283331537948,25.01305629301013,0.41522703852781717
0.1962660209942848,0.2713829497592215,0.3268033498171845,0.1308622211406763,0.5228466191283103,25.408641894004845,25.01305629301013,0.39558560099471407
0.1331034087800348,0.7580611655643621,0.7512509496261163,0.7008725857849536,0.1229836817420243,24.62448395272215,25.01305629301013,0.38857234028797905
0.7685802870259931,0.025408010940338,0.6762293392496368,0.3361912685725011,0.279887875857378,25.395625884444836,25.01305629301013,0.3825695914347058
0.8442890758078642,0.3610269078050584,0.4697707621542332,0.5739476901656752,0.2287616068504634,25.390676715631763,25.01305629301013,0.3776204226216322
0.2191605465678486,0.814784251899754,0.4860585687666323,0.1858303303053595,0.63641138858058,24.644343507663265,25.01305629301013,0.36871278534686525
0.7159321511222119,0.7255513366897853,0.4952734425714352,0.1126463756071467,0.2350216275830454,24.647712957895354,25.01305629301013,0.3653433351147761
0.0706000426871849,0.3215244724977256,0.5292446376346476,0.8751525681771931,0.8308790109929337,24.648802963559493,25.01305629301013,0.36425332945063715
0.7717437165841421,0.27845677180004,0.2605320245732594,0.8840203562821821,0.4869659289886419,24.67543160705765,25.01305629301013,0.3376246859524805
0.939390141665514,0.6678026104683067,0.6053153657930961,0.5952744740363833,0.7266377996972162,24.67842897833176,25.01305629301013,0.3346273146783716
0.7928311845642032,0.7116213006610906,0.080855491223178,0.8003702397357232,0.7281671839542976,24.679213138341,25.01305629301013,0.33384315466912895
0.6576489709397249,0.0887860066817763,0.2066224553728473,0.5907823277923455,0.7162914176908632,24.680142954406247,25.01305629301013,0.33291333860388406
0.5744349137976648,0.9668019856624692,0.8229335660486787,0.555903465907162,0.4731047885005355,25.34582785328204,25.01305629301013,0.33277156027190813
0.850570259074122,0.5324771078278709,0.6324760512809592,0.7219472541847409,0.7667923638045013,24.682288142308487,25.01305629301013,0.330768150701644
0.8701352921184666,0.9984702199432064,0.2163205112274203,0.5618883331434597,0.7800704310734172,25.33798090060917,25.01305629301013,0.3249246075990406
0.8317003406336423,0.1944961978935109,0.7626283477306723,0.19917319504982,0.4655143449504781,25.33331713320753,25.01305629301013,0.320260840197399
0.6437429438291791,0.9316703761956944,0.7172698909725331,0.183551401371515,0.79741319602053,24.706758517177203,25.01305629301013,0.3062977758329275
0.6388769905811774,0.9322743014051544,0.5370048800616566,0.0189776440282373,0.0371329341766356,25.30806571763077,25.01305629301013,0.29500942462064117
0.7405319007648209,0.231689631795167,0.5700917567965322,0.2334300971978306,0.5785291246091863,24.725164322776077,25.01305629301013,0.2878919702340532
0.3894875021106149,0.1130636366426228,0.5169730606924324,0.993068448337576,0.9361892641449332,25.295570449261596,25.01305629301013,0.2825141562514659
0.3349757150646122,0.7043302358912786,0.2014714418561441,0.7615708724523415,0.3106678957904778,24.73798531774263,25.01305629301013,0.2750709752675
0.7302365088762122,0.3764815981381977,0.9408138810385056,0.2052874539695119,0.2150184826709625,25.28048695085937,25.01305629301013,0.26743065784923914
0.1768360429992616,0.7889799696703341,0.0055988053246162,0.6250403080035045,0.0892025932589171,24.755747521237,25.01305629301013,0.25730877177312905
0.3215026815637183,0.8643773037485526,0.1737472450792153,0.8946666874996206,0.3373906389531176,25.262743503483,25.01305629301013,0.2496872104728709
0.2594605510553239,0.5722070054752378,0.8594229619954692,0.1012686568686509,0.9454645959435342,25.25879368741681,25.01305629301013,0.24573739440667808
0.2238859783887232,0.542488383479155,0.1729457326459025,0.8471286730375629,0.5909778524646778,24.76736317453374,25.01305629301013,0.24569311847638886
0.2201788024976632,0.90861298481702,0.6133868836754539,0.9502562225290836,0.3377510298392524,24.781582070509387,25.01305629301013,0.23147422250074356
0.507987482407055,0.258931600789104,0.2702894308131052,0.838117540790902,0.6426766037671864,25.239629574846447,25.01305629301013,0.2265732818363162
0.0606056008952952,0.6667316674909614,0.321009499277429,0.2306089465230818,0.1107437942854653,24.788874091181103,25.01305629301013,0.22418220182902715
0.7547373158462938,0.978213009010662,0.0959566396242367,0.8662943011042084,0.3670693176500901,24.79234124653533,25.01305629301013,0.2207150464748011
0.1125297102520508,0.6804394095807316,0.6038316788595991,0.1768117947108552,0.4178973995484156,24.806378343344505,25.01305629301013,0.20667794966562525
0.4952769066773633,0.3089671661373068,0.0634598412351599,0.2472978181913016,0.1267410350106566,25.20963930350117,25.01305629301013,0.19658301049103954
0.1709936921084497,0.0944269823865538,0.2368648510674325,0.3350374495182823,0.3030504025399069,24.833992614642582,25.01305629301013,0.1790636783675481
0.5725573611240647,0.2378822952229267,0.0867355684932493,0.3004804489260224,0.2344302819519169,25.17013370704316,25.01305629301013,0.15707741403302933
0.5734367218601735,0.257874611190183,0.4331074406408057,0.0990668057842115,0.8830303378582796,25.158298199916857,25.01305629301013,0.14524190690672611
0.5832122515078652,0.3988344952144541,0.315266589584221,0.4629945583195951,0.8839870202523636,25.15823778875727,25.01305629301013,0.14518149574713846
0.1680358100822999,0.7174199816417572,0.968311282217251,0.4147003750165892,0.6688624399389299,24.87377362847152,25.01305629301013,0.13928266453861227
0.7275793980016618,0.7394695396993025,0.300121176357001,0.1736870525165109,0.1487513435126977,25.151616186428456,25.01305629301013,0.13855989341832498
0.934902774378785,0.3177838978424792,0.075953482552838,0.6286142024675645,0.2460283739899736,25.145848264666117,25.01305629301013,0.13279197165598688
0.8816642558403794,0.9185119173955952,0.087079842253652,0.3379324043655349,0.6508729550528715,24.899164135937877,25.01305629301013,0.11389215707225375
0.2956184008004493,0.7509229230705055,0.1290516746293309,0.4125258649335199,0.3504014555434869,24.90484943925248,25.01305629301013,0.10820685375765038
0.2082474811844084,0.5812417484160208,0.5385851347386839,0.1801451459134544,0.2083729029754802,24.906114172978874,25.01305629301013,0.10694212003125614
0.945551621781912,0.1265093355184314,0.2316497742612735,0.2491144647875172,0.5831603188063108,24.90981218244405,25.01305629301013,0.10324411056608085
0.7069905403247062,0.9527585803793396,0.5727507986200534,0.3961844301824461,0.8592107296432006,24.932323697825066,25.01305629301013,0.08073259518506504
0.9782328029333448,0.9139961940621434,0.1926843580359408,0.8353133776760102,0.1976753944775957,24.93508927205856,25.01305629301013,0.07796702095157215
0.7622520668869811,0.274652713210625,0.640602246360798,0.6330666763713737,0.684159970949791,24.9657975440415,25.01305629301013,0.04725874896863047
0.6878350621696941,0.1002169198224464,0.6190498229889076,0.3296013187346902,0.4913588788149887,24.974660781668856,25.01305629301013,0.03839551134127461
0.0880422191608609,0.2104897800349202,0.8252421480853375,0.0224794905036869,0.0483419531161098,24.98401645912112,25.01305629301013,0.0290398338890121
0.9914294290732006,0.4919996603340157,0.985803172592606,0.2436048505830905,0.288085303103783,25.04010442860697,25.01305629301013,0.027048135596839273
0.8701125575687494,0.0908090716248276,0.3439145570950505,0.2840006521056752,0.0987592383642502,24.99554170630676,25.01305629301013,0.017514586703370583
