y_true,y_pred_baseline,y_pred_model,abs_error
26.5,10.51272128447921,25.284563805652056,1.2154361943479444
9.9,10.51272128447921,10.739040647148158,0.839040647148158
15.6,10.51272128447921,15.813482762454381,0.21348276245438136
9.5,10.51272128447921,10.274160376864778,0.7741603768647778
7.3,10.51272128447921,8.223675699106344,0.9236756991063446
4.8,10.51272128447921,5.19342359247255,0.39342359247255043
4.1,10.51272128447921,4.239210975286281,0.13921097528628135
6.9,10.51272128447921,7.283906170717156,0.3839061707171556
2.1,10.51272128447921,0.6807545719872756,1.4192454280127245
19.1,10.51272128447921,19.98052593984233,0.8805259398423289
5.4,10.51272128447921,5.763468324553227,0.3634683245532271
1.1,10.51272128447921,-1.9270713935140833,3.0270713935140834
24.3,10.51272128447921,23.270924212960225,1.0290757870397762
8.9,10.51272128447921,9.75861913080331,0.8586191308033104
2.4,10.51272128447921,1.2872077514923195,1.1127922485076804
0.7,10.51272128447921,-1.752020084029228,2.452020084029228
7.8,10.51272128447921,8.73543450478608,0.9354345047860795
10.5,10.51272128447921,11.004840011174462,0.504840011174462
10.6,10.51272128447921,10.684350226196166,0.08435022619616639
23.6,10.51272128447921,22.388812742839164,1.2111872571608373
24.8,10.51272128447921,24.029150929218133,0.7708490707818676
7.8,10.51272128447921,8.822229984497024,1.0222299844970246
5.9,10.51272128447921,6.896688041264056,0.996688041264056
3.3,10.51272128447921,4.835333191677151,1.535333191677151
10.2,10.51272128447921,11.099386757708762,0.8993867577087631
10.0,10.51272128447921,11.069016842951001,1.069016842951001
5.0,10.51272128447921,5.781621896905194,0.781621896905194
3.1,10.51272128447921,2.113426359206507,0.9865736407934933
14.1,10.51272128447921,14.41157890391894,0.3115789039189405
14.2,10.51272128447921,14.569026141253644,0.3690261412536451
5.7,10.51272128447921,5.705459769241588,0.005459769241587864
6.2,10.51272128447921,6.8311888670479615,0.6311888670479613
5.0,10.51272128447921,4.858386309054186,0.14161369094581389
16.8,10.51272128447921,17.393445777491817,0.5934457774918158
2.2,10.51272128447921,0.5700691763769719,1.6299308236230283
15.5,10.51272128447921,16.045376471460337,0.5453764714603366
1.9,10.51272128447921,-0.5530267355840053,2.453026735584005
6.8,10.51272128447921,7.207605239654265,0.40760523965426554
10.4,10.51272128447921,10.60108724126821,0.2010872412682101
14.5,10.51272128447921,15.434153002708035,0.9341530027080349
2.4,10.51272128447921,1.2498066624507178,1.150193337549282
17.3,10.51272128447921,18.158646909562734,0.8586469095627329
32.3,10.51272128447921,28.335905901337973,3.9640940986620237
21.7,10.51272128447921,21.649777965917604,0.05022203408239534
9.4,10.51272128447921,11.001894061041192,1.6018940610411914
2.8,10.51272128447921,1.6355394493131552,1.1644605506868446
7.6,10.51272128447921,8.13447835618571,0.5344783561857103
5.8,10.51272128447921,5.7081447227193784,0.09185527728062137
6.8,10.51272128447921,6.6930375920592695,0.10696240794073031
25.6,10.51272128447921,24.424723960706608,1.1752760392933936
6.4,10.51272128447921,6.475325068576425,0.07532506857642485
9.0,10.51272128447921,10.270130225859651,1.270130225859651
10.8,10.51272128447921,11.920215936539904,1.1202159365399034
11.2,10.51272128447921,12.121864713300138,0.9218647133001383
18.2,10.51272128447921,19.093588986819505,0.8935889868195055
5.8,10.51272128447921,5.1102312564913,0.6897687435086999
2.4,10.51272128447921,2.0985657664734685,0.3014342335265314
12.4,10.51272128447921,14.009149149367211,1.6091491493672105
8.9,10.51272128447921,8.394622880883148,0.5053771191168526
3.7,10.51272128447921,3.2377792993647123,0.46222070063528786
4.5,10.51272128447921,4.230145801828087,0.26985419817191314
20.7,10.51272128447921,20.69723556754861,0.0027644324513893537
2.4,10.51272128447921,1.198046208985538,1.201953791014462
3.5,10.51272128447921,2.832027765960392,0.6679722340396079
4.7,10.51272128447921,5.335939567579961,0.6359395675799604
16.5,10.51272128447921,16.987264461738135,0.4872644617381354
12.5,10.51272128447921,13.281460891698249,0.7814608916982486
4.4,10.51272128447921,4.028644205973483,0.37135579402651775
9.1,10.51272128447921,10.636900139097817,1.536900139097817
8.2,10.51272128447921,8.92330484113918,0.7233048411391803
7.2,10.51272128447921,6.934748018453137,0.26525198154686347
12.1,10.51272128447921,12.598627125407416,0.4986271254074168
14.2,10.51272128447921,14.54266456239903,0.3426645623990314
16.0,10.51272128447921,16.50592165739161,0.5059216573916103
14.1,10.51272128447921,14.371146652268687,0.27114665226868695
5.0,10.51272128447921,4.80578930739182,0.1942106926081797
12.2,10.51272128447921,12.670460037778522,0.47046003777852263
8.8,10.51272128447921,9.61272022455082,0.8127202245508194
14.9,10.51272128447921,15.450406977987416,0.5504069779874161
1.9,10.51272128447921,-0.5167818006399312,2.416781800639931
8.9,10.51272128447921,10.639692561352811,1.7396925613528111
4.1,10.51272128447921,3.4169212594888965,0.6830787405111032
9.9,10.51272128447921,10.060261970782477,0.16026197078247684
9.7,10.51272128447921,10.384743958579694,0.6847439585796948
22.7,10.51272128447921,22.206225450214696,0.49377454978530366
10.9,10.51272128447921,11.699595024206378,0.7995950242063774
2.6,10.51272128447921,3.7344706029767476,1.1344706029767475
5.2,10.51272128447921,5.2529768545291535,0.05297685452915335
2.4,10.51272128447921,1.4550211811445468,0.9449788188554531
0.8,10.51272128447921,-1.5365306858415426,2.3365306858415424
20.6,10.51272128447921,20.46684811191453,0.13315188808547163
7.3,10.51272128447921,8.501625796036954,1.2016257960369545
15.4,10.51272128447921,16.229359092616228,0.8293590926162278
2.2,10.51272128447921,2.023463099443246,0.17653690055675408
9.5,10.51272128447921,9.744090873580475,0.24409087358047543
21.5,10.51272128447921,21.52640079224676,0.026400792246761284
10.1,10.51272128447921,10.525902698395981,0.4259026983959817
19.0,10.51272128447921,19.456681548505657,0.45668154850565656
15.2,10.51272128447921,15.40721698411944,0.2072169841194409
20.5,10.51272128447921,20.39531188246723,0.10468811753277052
1.5,10.51272128447921,-0.2048438832349646,1.7048438832349646
19.9,10.51272128447921,20.102703537541608,0.20270353754160908
9.5,10.51272128447921,9.460825992331106,0.039174007668894006
4.5,10.51272128447921,5.33567739131972,0.8356773913197202
13.4,10.51272128447921,13.936825648806398,0.5368256488063974
1.5,10.51272128447921,-0.20507654320003432,1.7050765432000343
8.4,10.51272128447921,9.189448853202439,0.7894488532024386
11.0,10.51272128447921,12.12210328030956,1.1221032803095596
19.3,10.51272128447921,19.23275222744025,0.06724777255974956
2.9,10.51272128447921,2.05484723286944,0.8451527671305601
16.7,10.51272128447921,17.645310283164704,0.9453102831647051
14.2,10.51272128447921,14.851658622775911,0.651658622775912
10.1,10.51272128447921,11.586109647134835,1.4861096471348354
8.9,10.51272128447921,9.698133561843044,0.7981335618430432
7.5,10.51272128447921,7.275992708938116,0.22400729106188422
12.1,10.51272128447921,12.314672144876802,0.2146721448768023
4.1,10.51272128447921,3.4460504368771208,0.6539495631228789
4.4,10.51272128447921,4.144674950965165,0.25532504903483577
9.5,10.51272128447921,10.310704781840494,0.810704781840494
10.5,10.51272128447921,11.385237942492925,0.8852379424929246
14.6,10.51272128447921,15.306849347451,0.7068493474509996
5.1,10.51272128447921,5.830420975568198,0.7304209755681983
7.9,10.51272128447921,8.231563860352747,0.33156386035274643
8.6,10.51272128447921,10.388540627223842,1.788540627223842
3.0,10.51272128447921,2.1947892167378633,0.8052107832621367
7.6,10.51272128447921,8.204415471860433,0.6044154718604329
4.6,10.51272128447921,4.336770138481704,0.26322986151829575
10.7,10.51272128447921,11.526217888023304,0.8262178880233044
7.0,10.51272128447921,7.301870462793454,0.3018704627934543
5.7,10.51272128447921,5.926395560230317,0.22639556023031648
6.1,10.51272128447921,6.246000845990217,0.14600084599021734
2.3,10.51272128447921,1.1146363263813228,1.185363673618677
14.1,10.51272128447921,14.823112747913227,0.7231127479132269
32.3,10.51272128447921,29.076719331577387,3.2232806684226105
6.8,10.51272128447921,7.266301898374941,0.4663018983749412
12.3,10.51272128447921,12.827342371016057,0.5273423710160561
25.0,10.51272128447921,23.86901664893395,1.1309833510660496
4.6,10.51272128447921,4.651853085781226,0.05185308578122605
0.4,10.51272128447921,-2.4615643849721334,2.8615643849721333
7.1,10.51272128447921,7.576897531959438,0.4768975319594384
3.6,10.51272128447921,3.396982877540778,0.20301712245922188
21.0,10.51272128447921,20.985977682801767,0.01402231719823277
12.9,10.51272128447921,13.045228816628015,0.14522881662801446
4.3,10.51272128447921,3.452359886101112,0.8476401138988878
12.5,10.51272128447921,13.732008584097947,1.2320085840979473
33.5,10.51272128447921,29.543493840350948,3.9565061596490523
6.7,10.51272128447921,7.118840643708451,0.4188406437084504
3.3,10.51272128447921,3.075648200728736,0.2243517992712638
8.1,10.51272128447921,8.910663560271002,0.8106635602710028
13.4,10.51272128447921,13.717390627577899,0.3173906275778986
14.2,10.51272128447921,15.636819639294902,1.436819639294903
5.7,10.51272128447921,5.800553089257963,0.10055308925796247
8.3,10.51272128447921,8.823255598779735,0.523255598779734
1.2,10.51272128447921,-0.8346991146944376,2.0346991146944378
11.9,10.51272128447921,13.19740774660695,1.2974077466069502
17.7,10.51272128447921,17.18520174717994,0.5147982528200608
6.1,10.51272128447921,5.106856233497667,0.9931437665023326
2.5,10.51272128447921,0.5101207659354561,1.989879234064544
13.4,10.51272128447921,13.900171483952722,0.5001714839527214
5.1,10.51272128447921,4.548394690138086,0.5516053098619134
10.6,10.51272128447921,11.663598801810188,1.0635988018101887
3.6,10.51272128447921,2.9254945643352386,0.6745054356647615
2.2,10.51272128447921,0.36101470682073256,1.8389852931792676
17.4,10.51272128447921,17.739139140804582,0.3391391408045834
14.4,10.51272128447921,13.910243140092023,0.48975685990797757
7.4,10.51272128447921,7.772237770306752,0.37223777030675187
13.4,10.51272128447921,14.08184646420255,0.6818464642025504
5.5,10.51272128447921,6.364284630193011,0.8642846301930112
2.8,10.51272128447921,1.897521836421662,0.9024781635783379
3.6,10.51272128447921,3.7700326738984975,0.1700326738984974
15.3,10.51272128447921,14.534217167613392,0.7657828323866092
2.5,10.51272128447921,1.0673526561813667,1.4326473438186333
10.9,10.51272128447921,11.286235897483442,0.38623589748344145
32.6,10.51272128447921,28.580095215327162,4.019904784672839
36.9,10.51272128447921,31.499496217354135,5.400503782645863
16.2,10.51272128447921,17.890244123062306,1.6902441230623069
6.9,10.51272128447921,7.402915992548846,0.5029159925488456
3.3,10.51272128447921,2.7561601290877524,0.5438398709122474
24.6,10.51272128447921,23.699767708551256,0.9002322914487451
32.4,10.51272128447921,29.06535329113577,3.334646708864227
15.2,10.51272128447921,14.96597436761297,0.2340256323870289
22.4,10.51272128447921,22.32197249853843,0.07802750146156967
19.4,10.51272128447921,19.48944906229576,0.08944906229575977
13.8,10.51272128447921,15.167186655273202,1.3671866552732013
2.0,10.51272128447921,-0.44969544991329435,2.4496954499132944
3.8,10.51272128447921,7.191575607294409,3.391575607294409
4.3,10.51272128447921,3.3391757403824815,0.9608242596175183
8.2,10.51272128447921,9.177468152901916,0.9774681529019169
12.4,10.51272128447921,13.847696881819251,1.447696881819251
7.1,10.51272128447921,7.619555071502422,0.5195550715024222
10.9,10.51272128447921,11.662453807868253,0.762453807868253
20.3,10.51272128447921,20.417641806714528,0.11764180671452706
4.7,10.51272128447921,4.914293107126252,0.2142931071262515
5.9,10.51272128447921,6.667282530840721,0.7672825308407205
26.8,10.51272128447921,27.894720002919726,1.0947200029197255
11.5,10.51272128447921,12.382918920508805,0.8829189205088053
12.6,10.51272128447921,13.326135777909,0.7261357779090005
19.4,10.51272128447921,19.68527319742732,0.2852731974273226
11.5,10.51272128447921,12.69748262767526,1.1974826276752601
3.1,10.51272128447921,3.344678592517792,0.24467859251779212
5.0,10.51272128447921,4.338108527248371,0.6618914727516287
12.7,10.51272128447921,12.329142578116425,0.3708574218835743
16.0,10.51272128447921,16.173787592350934,0.17378759235093355
3.6,10.51272128447921,3.428704215898457,0.171295784101543
3.4,10.51272128447921,3.6745493244356924,0.27454932443569247
7.5,10.51272128447921,8.940801273411708,1.440801273411708
3.2,10.51272128447921,2.2933053033645994,0.9066946966354008
26.9,10.51272128447921,25.21250359989149,1.6874964001085075
4.1,10.51272128447921,2.7011958717097126,1.398804128290287
21.1,10.51272128447921,20.755642255918495,0.3443577440815062
8.6,10.51272128447921,9.631942861886381,1.0319428618863817
9.6,10.51272128447921,10.042494764552831,0.44249476455283165
22.3,10.51272128447921,21.901018146945827,0.398981853054174
2.3,10.51272128447921,0.12166576475107149,2.1783342352489283
8.8,10.51272128447921,9.487466373345491,0.6874663733454902
10.6,10.51272128447921,10.425830447411863,0.17416955258813616
14.5,10.51272128447921,15.343805524665857,0.8438055246658571
19.5,10.51272128447921,19.897115335343656,0.3971153353436563
25.8,10.51272128447921,24.32624489482,1.4737551051800004
9.2,10.51272128447921,10.2759317061977,1.0759317061977
2.8,10.51272128447921,2.421112147475945,0.37888785252405466
9.0,10.51272128447921,9.730348819212578,0.730348819212578
3.6,10.51272128447921,2.990782797867512,0.6092172021324882
9.0,10.51272128447921,9.713280675417462,0.7132806754174617
3.9,10.51272128447921,4.269167191134107,0.36916719113410723
35.7,10.51272128447921,31.47114527217886,4.228854727821144
3.7,10.51272128447921,3.088761467152967,0.6112385328470333
8.3,10.51272128447921,8.765135975710926,0.46513597571092546
9.0,10.51272128447921,9.844038580653754,0.8440385806537538
6.9,10.51272128447921,7.69544655232324,0.7954465523232397
12.2,10.51272128447921,13.065872706746774,0.8658727067467744
13.6,10.51272128447921,13.985945984070408,0.3859459840704087
19.9,10.51272128447921,19.824653352944274,0.07534664705572425
7.9,10.51272128447921,7.826313351950256,0.07368664804974401
5.4,10.51272128447921,5.872977911794455,0.47297791179445436
16.6,10.51272128447921,17.419492908743816,0.8194929087438148
0.6,10.51272128447921,0.056618701919664005,0.543381298080336
19.1,10.51272128447921,19.780047439286243,0.6800474392862412
9.6,10.51272128447921,10.426161221786598,0.8261612217865988
17.5,10.51272128447921,17.870850348940873,0.37085034894087343
8.5,10.51272128447921,9.502617815828042,1.0026178158280423
22.0,10.51272128447921,21.248193074548922,0.7518069254510777
18.7,10.51272128447921,18.989743268702107,0.2897432687021073
2.0,10.51272128447921,1.0401904404085567,0.9598095595914433
0.3,10.51272128447921,-1.6805095010000066,1.9805095010000067
7.8,10.51272128447921,9.021207076931262,1.221207076931262
27.2,10.51272128447921,25.489281777340686,1.7107182226593132
2.2,10.51272128447921,0.8748343197971131,1.325165680202887
21.5,10.51272128447921,21.440703980271394,0.0592960197286061
3.7,10.51272128447921,2.8733286148179467,0.8266713851820535
8.8,10.51272128447921,9.314238186260463,0.5142381862604619
4.2,10.51272128447921,3.78114544593966,0.41885455406034033
21.8,10.51272128447921,21.383100695093887,0.4168993049061136
7.9,10.51272128447921,8.419761918345896,0.5197619183458961
2.9,10.51272128447921,1.6789447433990485,1.2210552566009514
2.9,10.51272128447921,2.002232703934128,0.8977672960658718
15.6,10.51272128447921,16.284209667808618,0.6842096678086182
8.7,10.51272128447921,9.741256383460762,1.0412563834607624
6.3,10.51272128447921,6.329088435678238,0.029088435678238156
8.0,10.51272128447921,8.442564860551514,0.44256486055151356
3.6,10.51272128447921,2.926674302082038,0.6733256979179623
3.3,10.51272128447921,1.805615274295425,1.4943847257045748
5.3,10.51272128447921,4.775573125137933,0.5244268748620664
10.0,10.51272128447921,10.642143329906288,0.642143329906288
2.7,10.51272128447921,2.594912879975956,0.10508712002404419
10.1,10.51272128447921,10.971798138141033,0.8717981381410329
3.0,10.51272128447921,2.193056919502375,0.806943080497625
8.1,10.51272128447921,8.133108341625785,0.0331083416257858
9.3,10.51272128447921,9.601104407862625,0.30110440786262416
20.5,10.51272128447921,20.39697953511545,0.10302046488455119
14.5,10.51272128447921,15.277405347576913,0.7774053475769129
10.7,10.51272128447921,11.270523677433268,0.5705236774332683
23.8,10.51272128447921,22.663769918869512,1.1362300811304884
3.7,10.51272128447921,4.432739193708939,0.7327391937089391
10.5,10.51272128447921,11.328591211085804,0.8285912110858042
14.9,10.51272128447921,16.939460094965312,2.039460094965312
9.1,10.51272128447921,10.165996137612963,1.065996137612963
12.0,10.51272128447921,12.635108797996233,0.6351087979962333
34.1,10.51272128447921,29.865124728821137,4.234875271178865
22.3,10.51272128447921,21.90601873477437,0.39398126522563004
4.7,10.51272128447921,3.9451072072860596,0.7548927927139406
9.1,10.51272128447921,9.483431704598011,0.3834317045980118
14.9,10.51272128447921,16.25924379628063,1.3592437962806283
19.1,10.51272128447921,19.822100211624285,0.7221002116242836
20.6,10.51272128447921,20.86263181805902,0.2626318180590168
13.2,10.51272128447921,13.795964418825104,0.5959644188251048
5.4,10.51272128447921,5.56508886976298,0.16508886976297976
3.6,10.51272128447921,2.9305811708606235,0.6694188291393766
14.7,10.51272128447921,15.235501820228379,0.5355018202283794
23.8,10.51272128447921,22.7079702143263,1.0920297856737022
5.2,10.51272128447921,6.246150905564038,1.046150905564038
16.6,10.51272128447921,17.415077073491286,0.8150770734912847
3.5,10.51272128447921,3.5851933419561046,0.08519334195610462
10.5,10.51272128447921,10.907950009914977,0.4079500099149769
1.3,10.51272128447921,-1.3746380369375721,2.674638036937572
8.1,10.51272128447921,8.94853979498598,0.8485397949859799
8.4,10.51272128447921,9.38295113306547,0.9829511330654697
14.3,10.51272128447921,15.048642211684161,0.7486422116841602
13.2,10.51272128447921,14.114976991079281,0.914976991079282
28.3,10.51272128447921,26.447894326746656,1.8521056732533445
20.1,10.51272128447921,20.270694007565794,0.17069400756579256
7.5,10.51272128447921,8.325349473210842,0.8253494732108422
3.4,10.51272128447921,3.1393519203949394,0.26064807960506053
20.8,10.51272128447921,22.1150716625539,1.3150716625538976
2.5,10.51272128447921,0.4512013050525372,2.048798694947463
20.1,10.51272128447921,21.27917409385023,1.1791740938502286
3.9,10.51272128447921,2.536805473340274,1.363194526659726
17.7,10.51272128447921,18.05630204061512,0.3563020406151196
4.4,10.51272128447921,3.449488670282106,0.9505113297178944
13.8,10.51272128447921,14.806919537112009,1.006919537112008
6.8,10.51272128447921,7.3975141228073396,0.5975141228073397
3.1,10.51272128447921,1.8996367230509836,1.2003632769490165
19.0,10.51272128447921,19.827381723631024,0.8273817236310244
15.6,10.51272128447921,16.112050567408332,0.5120505674083322
14.4,10.51272128447921,14.556221992780797,0.15622199278079663
4.0,10.51272128447921,3.4345219652863728,0.5654780347136272
5.8,10.51272128447921,4.4915226290851376,1.3084773709148623
10.5,10.51272128447921,11.745877658440117,1.2458776584401168
25.4,10.51272128447921,24.418195946624202,0.9818040533757966
12.7,10.51272128447921,13.421882785775423,0.7218827857754242
9.2,10.51272128447921,9.610685805342783,0.41068580534278354
6.0,10.51272128447921,5.502174211853148,0.4978257881468524
0.6,10.51272128447921,-1.9864298974723908,2.586429897472391
27.3,10.51272128447921,25.147123839459,2.152876160541002
6.9,10.51272128447921,7.568502500800765,0.6685025008007646
5.2,10.51272128447921,5.913290326296702,0.7132903262967014
7.1,10.51272128447921,7.578847805990053,0.4788478059900534
3.6,10.51272128447921,2.4640623057735827,1.1359376942264174
14.3,10.51272128447921,14.806083137071973,0.5060831370719718
13.1,10.51272128447921,13.643363712496017,0.5433637124960171
3.7,10.51272128447921,3.172039347616174,0.5279606523838263
5.3,10.51272128447921,5.651940414218787,0.3519404142187872
3.4,10.51272128447921,3.3806954211209446,0.019304578879055345
10.2,10.51272128447921,10.644941220227766,0.4449412202277667
21.0,10.51272128447921,20.886833571022443,0.11316642897755713
15.1,10.51272128447921,13.75125200163538,1.348747998364619
25.0,10.51272128447921,23.799086631920538,1.200913368079462
2.5,10.51272128447921,0.64106766691053,1.85893233308947
19.3,10.51272128447921,19.5676916792657,0.2676916792656989
9.2,10.51272128447921,10.277669171166494,1.0776691711664945
3.5,10.51272128447921,2.6840996492854856,0.8159003507145144
8.5,10.51272128447921,8.38787102231828,0.1121289776817207
9.7,10.51272128447921,10.546034880298278,0.8460348802982782
7.1,10.51272128447921,7.533342076577947,0.4333420765779472
3.6,10.51272128447921,4.199218001251554,0.5992180012515536
5.2,10.51272128447921,5.319628714230122,0.11962871423012178
9.7,10.51272128447921,10.65592844288555,0.9559284428855506
1.5,10.51272128447921,0.10218112252857736,1.3978188774714226
3.6,10.51272128447921,2.1338210674947238,1.4661789325052763
9.8,10.51272128447921,10.663911464676096,0.8639114646760948
20.7,10.51272128447921,20.533627413113376,0.1663725868866237
8.0,10.51272128447921,8.466677593475369,0.4666775934753691
31.3,10.51272128447921,29.331531661618534,1.9684683383814665
9.3,10.51272128447921,9.944763541765296,0.644763541765295
10.0,10.51272128447921,10.793989418008069,0.7939894180080689
14.6,10.51272128447921,15.910329918182956,1.3103299181829566
21.5,10.51272128447921,21.193751945241143,0.3062480547588571
7.4,10.51272128447921,8.12051037216823,0.7205103721682296
10.4,10.51272128447921,11.323760049158809,0.9237600491588083
19.0,10.51272128447921,19.08495910059269,0.08495910059269107
7.5,10.51272128447921,9.894356504173313,2.394356504173313
8.0,10.51272128447921,8.57856869455321,0.5785686945532102
10.5,10.51272128447921,11.538158490878368,1.0381584908783683
2.4,10.51272128447921,1.1140639510997357,1.2859360489002643
5.6,10.51272128447921,5.358963997000624,0.24103600299937522
0.7,10.51272128447921,-0.7121938247118997,1.4121938247118997
5.9,10.51272128447921,5.904356925808099,0.004356925808098211
11.9,10.51272128447921,13.946077875528275,2.0460778755282742
29.0,10.51272128447921,26.80793918975298,2.192060810247021
1.2,10.51272128447921,-1.423406480175041,2.623406480175041
13.0,10.51272128447921,14.55883678819768,1.5588367881976808
20.9,10.51272128447921,20.96797349598402,0.06797349598402036
25.0,10.51272128447921,24.244307809428,0.7556921905719989
12.8,10.51272128447921,13.158413230380905,0.3584132303809042
8.1,10.51272128447921,9.362787149699589,1.262787149699589
7.3,10.51272128447921,6.745149687631186,0.5548503123688135
2.9,10.51272128447921,2.4407987548300074,0.4592012451699925
1.6,10.51272128447921,-0.7365323850990855,2.3365323850990856
2.8,10.51272128447921,1.2660543508040103,1.5339456491959895
3.4,10.51272128447921,2.4059091900741194,0.9940908099258805
2.2,10.51272128447921,1.183975043297922,1.0160249567020783
16.9,10.51272128447921,17.382261051460784,0.48226105146078524
2.0,10.51272128447921,0.9264613792346559,1.0735386207653441
6.2,10.51272128447921,6.853326800181804,0.6533268001818042
13.0,10.51272128447921,13.54943641226875,0.5494364122687507
3.4,10.51272128447921,3.583228765554381,0.18322876555438095
7.4,10.51272128447921,8.344305224066497,0.9443052240664969
4.5,10.51272128447921,4.679447897196644,0.17944789719664378
5.3,10.51272128447921,5.508032067327853,0.20803206732785284
6.7,10.51272128447921,6.944889349793657,0.24488934979365684
9.6,10.51272128447921,10.2440796706954,0.6440796706954011
5.4,10.51272128447921,4.997302073857318,0.4026979261426824
1.6,10.51272128447921,0.773691828202919,0.826308171797081
1.3,10.51272128447921,-1.4268855936159834,2.7268855936159833
10.9,10.51272128447921,11.183298638297108,0.2832986382971079
9.0,10.51272128447921,9.772253365268057,0.7722533652680568
35.9,10.51272128447921,31.41696180016141,4.483038199838589
8.1,10.51272128447921,8.732291083974573,0.6322910839745735
2.4,10.51272128447921,1.4679399578222974,0.9320600421777026
5.0,10.51272128447921,5.2733932651959226,0.27339326519592255
35.2,10.51272128447921,30.565926775291295,4.6340732247087075
9.3,10.51272128447921,9.872402485305507,0.5724024853055063
7.6,10.51272128447921,8.568058346384584,0.9680583463845842
12.2,10.51272128447921,13.110922229537003,0.9109222295370039
11.6,10.51272128447921,12.342687018224023,0.7426870182240233
6.4,10.51272128447921,6.107846433717082,0.2921535662829182
3.6,10.51272128447921,4.154783313265542,0.5547833132655415
6.5,10.51272128447921,6.919960375537986,0.41996037553798615
21.6,10.51272128447921,20.792783948695984,0.8072160513040174
31.9,10.51272128447921,29.39870293165294,2.501297068347057
9.1,10.51272128447921,10.665119069490814,1.5651190694908141
10.8,10.51272128447921,11.675351307613399,0.8753513076133981
24.4,10.51272128447921,23.630556533430337,0.7694434665696619
14.5,10.51272128447921,15.982674730673637,1.4826747306736365
1.0,10.51272128447921,-2.3416871964648855,3.3416871964648855
20.0,10.51272128447921,20.630920042139202,0.630920042139202
47.7,10.51272128447921,38.6165633894223,9.0834366105777
12.9,10.51272128447921,14.42741498111775,1.527414981117749
12.7,10.51272128447921,13.143250475440258,0.44325047544025864
9.0,10.51272128447921,9.495662466457507,0.49566246645750667
1.4,10.51272128447921,0.019379834688878717,1.3806201653111212
16.1,10.51272128447921,16.259158987424748,0.1591589874247461
7.4,10.51272128447921,8.519915883119966,1.1199158831199654
10.0,10.51272128447921,10.772694275935072,0.7726942759350717
14.0,10.51272128447921,14.926069813017172,0.9260698130171718
9.1,10.51272128447921,9.887896540265306,0.7878965402653062
13.5,10.51272128447921,14.937062366567428,1.437062366567428
6.4,10.51272128447921,7.051475938581226,0.6514759385812257
3.7,10.51272128447921,2.724318719707952,0.975681280292048
4.7,10.51272128447921,4.6727894782987995,0.02721052170120064
19.7,10.51272128447921,19.783190167175107,0.08319016717510763
12.8,10.51272128447921,13.037771699214277,0.2377716992142762
4.2,10.51272128447921,4.261502221690964,0.0615022216909642
4.2,10.51272128447921,2.508184527655507,1.6918154723444934
8.6,10.51272128447921,9.185161386318828,0.5851613863188287
7.6,10.51272128447921,8.639991181930093,1.0399911819300929
9.7,10.51272128447921,10.020962232477931,0.32096223247793176
5.7,10.51272128447921,6.678340747527326,0.9783407475273256
4.1,10.51272128447921,4.277858278099159,0.17785827809915933
1.1,10.51272128447921,0.10798201816484188,0.9920179818351582
4.2,10.51272128447921,3.9026133118769897,0.2973866881230105
16.1,10.51272128447921,16.41781024514309,0.31781024514308953
33.9,10.51272128447921,30.19588875296916,3.7041112470308377
0.5,10.51272128447921,1.8228571303058878,1.3228571303058878
11.4,10.51272128447921,12.269150701867687,0.869150701867687
19.0,10.51272128447921,18.80605949152873,0.19394050847127176
7.4,10.51272128447921,7.707555326110925,0.30755532611092473
10.3,10.51272128447921,11.253368123975953,0.9533681239759524
5.4,10.51272128447921,5.468775563494046,0.06877556349404568
3.1,10.51272128447921,2.2651052027041647,0.8348947972958354
4.2,10.51272128447921,3.159692943539252,1.0403070564607484
14.6,10.51272128447921,15.142111335338804,0.5421113353388041
15.4,10.51272128447921,16.087226638890492,0.6872266388904915
5.5,10.51272128447921,6.6891365171113595,1.1891365171113595
10.9,10.51272128447921,10.567562495691385,0.33243750430861496
22.3,10.51272128447921,21.82816358483587,0.47183641516413033
4.5,10.51272128447921,4.719749101317696,0.21974910131769576
18.5,10.51272128447921,18.619164129039696,0.11916412903969587
3.2,10.51272128447921,2.437922781490398,0.7620772185096021
11.8,10.51272128447921,12.408687576957782,0.6086875769577809
15.8,10.51272128447921,16.393578196582933,0.5935781965829321
4.0,10.51272128447921,3.772491110480418,0.22750888951958181
24.6,10.51272128447921,22.98283617765238,1.6171638223476208
2.8,10.51272128447921,2.1536678436588517,0.6463321563411482
9.9,10.51272128447921,10.850751571229594,0.9507515712295938
4.8,10.51272128447921,4.565827696711646,0.2341723032883536
3.8,10.51272128447921,2.3825245983537062,1.4174754016462936
13.0,10.51272128447921,14.209585843574581,1.2095858435745814
12.9,10.51272128447921,12.752731590318483,0.14726840968151755
0.5,10.51272128447921,-2.2533629267286592,2.7533629267286592
15.9,10.51272128447921,15.919581062521452,0.019581062521451642
9.5,10.51272128447921,10.433370610823975,0.9333706108239745
11.2,10.51272128447921,12.881998043834088,1.6819980438340885
2.8,10.51272128447921,1.8427210425445306,0.9572789574554692
7.6,10.51272128447921,8.675079703485206,1.0750797034852067
4.1,10.51272128447921,4.805956655241188,0.705956655241188
5.7,10.51272128447921,5.9034989953841315,0.2034989953841313
9.3,10.51272128447921,9.582500158047306,0.28250015804730566
3.1,10.51272128447921,2.3581123967182496,0.7418876032817505
4.5,10.51272128447921,6.076106151097333,1.576106151097333
34.9,10.51272128447921,30.372877770897823,4.527122229102176
31.2,10.51272128447921,28.526972505096587,2.673027494903412
7.0,10.51272128447921,7.492392691722024,0.49239269172202427
19.1,10.51272128447921,19.32416190105578,0.22416190105577982
7.2,10.51272128447921,14.795369057461812,7.595369057461812
14.4,10.51272128447921,15.029822435707956,0.6298224357079558
12.4,10.51272128447921,13.021520208759465,0.6215202087594651
15.3,10.51272128447921,15.54598560325115,0.2459856032511496
0.2,10.51272128447921,-1.929267539693905,2.129267539693905
6.6,10.51272128447921,6.32825726568126,0.27174273431873974
1.2,10.51272128447921,0.37527057606035896,0.824729423939641
17.4,10.51272128447921,17.738527842901092,0.33852784290109383
5.5,10.51272128447921,5.320039364598002,0.17996063540199803
18.6,10.51272128447921,18.737714421013287,0.13771442101328546
3.2,10.51272128447921,2.099169937587515,1.1008300624124852
7.8,10.51272128447921,9.011426349394476,1.2114263493944764
8.2,10.51272128447921,8.858725270668597,0.6587252706685973
3.8,10.51272128447921,2.240088103295607,1.559911896704393
13.4,10.51272128447921,14.719616843843106,1.3196168438431055
6.0,10.51272128447921,6.561793364437843,0.5617933644378432
5.5,10.51272128447921,5.621709387270031,0.12170938727003122
4.6,10.51272128447921,4.694380478283711,0.09438047828371143
5.2,10.51272128447921,5.5916738459851825,0.3916738459851823
21.3,10.51272128447921,21.62138312529416,0.32138312529415813
4.5,10.51272128447921,3.706447869549449,0.7935521304505508
18.0,10.51272128447921,18.215184152928266,0.21518415292826631
0.7,10.51272128447921,-0.38178724241118367,1.0817872424111836
5.2,10.51272128447921,5.344686309640941,0.14468630964094054
4.0,10.51272128447921,3.4280593963657964,0.5719406036342036
4.6,10.51272128447921,4.854126531270744,0.25412653127074414
5.0,10.51272128447921,4.755709858476031,0.24429014152396888
12.9,10.51272128447921,12.897383580769159,0.002616419230841771
27.7,10.51272128447921,25.37187968128177,2.3281203187182307
7.4,10.51272128447921,7.1424065628494695,0.25759343715053085
6.4,10.51272128447921,6.638695103303388,0.23869510330338795
3.9,10.51272128447921,3.6192786954610217,0.28072130453897826
16.2,10.51272128447921,16.552492711901245,0.3524927119012453
26.6,10.51272128447921,25.1342385536515,1.4657614463485018
2.5,10.51272128447921,0.781463952028691,1.718536047971309
2.2,10.51272128447921,1.2219876506906644,0.9780123493093358
4.6,10.51272128447921,4.226890479934199,0.37310952006580056
15.7,10.51272128447921,16.07901636613705,0.37901636613705136
21.7,10.51272128447921,21.783682675912164,0.08368267591216494
3.1,10.51272128447921,2.259654121406953,0.8403458785930469
9.9,10.51272128447921,10.844368596463825,0.9443685964638249
5.2,10.51272128447921,6.224759937284475,1.0247599372844745
14.3,10.51272128447921,15.94987539293159,1.6498753929315892
3.7,10.51272128447921,2.1742692826640457,1.5257307173359544
1.3,10.51272128447921,-0.38377763623308603,1.683777636233086
21.8,10.51272128447921,20.907818321004363,0.8921816789956374
8.1,10.51272128447921,9.526179377490209,1.4261793774902092
5.7,10.51272128447921,5.268660627495606,0.4313393725043939
27.0,10.51272128447921,25.38474649042116,1.6152535095788387
17.0,10.51272128447921,17.593948168579654,0.5939481685796544
16.1,10.51272128447921,17.837002562522777,1.7370025625227754
7.7,10.51272128447921,8.214215956189582,0.5142159561895818
6.4,10.51272128447921,6.74506495762467,0.34506495762467004
1.8,10.51272128447921,0.07662326246420115,1.723376737535799
15.7,10.51272128447921,16.6144913106771,0.9144913106771
5.1,10.51272128447921,5.171967011887099,0.0719670118870992
11.6,10.51272128447921,12.908518375585508,1.3085183755855088
43.9,10.51272128447921,36.56636701336371,7.333632986636289
16.1,10.51272128447921,16.503928018533024,0.40392801853302274
16.4,10.51272128447921,17.72304889856462,1.3230488985646218
13.0,10.51272128447921,14.23476180100736,1.2347618010073607
13.0,10.51272128447921,14.02297842279864,1.0229784227986407
11.3,10.51272128447921,12.998769856305803,1.6987698563058018
11.3,10.51272128447921,12.11532691023342,0.81532691023342
63.7,10.51272128447921,47.41317116916095,16.286828830839056
2.1,10.51272128447921,0.6236169480988352,1.476383051901165
3.4,10.51272128447921,2.232661828896461,1.1673381711035389
2.4,10.51272128447921,0.7962753934913103,1.6037246065086896
14.7,10.51272128447921,15.698620410227381,0.9986204102273817
19.3,10.51272128447921,19.065432287919137,0.2345677120808638
14.6,10.51272128447921,15.60422464159647,1.0042246415964708
7.1,10.51272128447921,7.082886557834804,0.01711344216519528
3.1,10.51272128447921,2.1180220223831068,0.9819779776168933
1.8,10.51272128447921,1.3552545303625703,0.4447454696374298
11.5,10.51272128447921,12.376548294121346,0.8765482941213456
14.4,10.51272128447921,15.135337156553167,0.7353371565531663
8.5,10.51272128447921,8.687400961434381,0.18740096143438123
27.7,10.51272128447921,26.007412435434325,1.6925875645656738
1.9,10.51272128447921,0.5069981121664338,1.3930018878335662
17.6,10.51272128447921,17.60630094763652,0.006300947636518117
3.0,10.51272128447921,2.6603779657545408,0.3396220342454592
7.4,10.51272128447921,7.724607659956153,0.32460765995615226
19.7,10.51272128447921,22.523589428615956,2.823589428615957
18.5,10.51272128447921,18.715409414694754,0.21540941469475428
11.0,10.51272128447921,11.637291834682957,0.6372918346829568
2.4,10.51272128447921,1.741647121108933,0.6583528788910669
2.8,10.51272128447921,2.1369900148436844,0.6630099851563154
12.5,10.51272128447921,13.6581944364754,1.1581944364753998
3.5,10.51272128447921,3.0178298477089287,0.4821701522910713
15.9,10.51272128447921,16.333083551227197,0.4330835512271971
1.9,10.51272128447921,0.3840958208384375,1.5159041791615624
12.6,10.51272128447921,13.39601507002012,0.7960150700201201
11.2,10.51272128447921,11.994969687173565,0.7949696871735661
3.5,10.51272128447921,2.0473088299679176,1.4526911700320824
3.5,10.51272128447921,2.151521766716627,1.3484782332833731
2.8,10.51272128447921,1.4996521963553597,1.30034780364464
9.3,10.51272128447921,9.738358394057292,0.4383583940572908
3.2,10.51272128447921,2.8682889211418416,0.33171107885815854
3.5,10.51272128447921,3.0027569971490573,0.4972430028509427
1.9,10.51272128447921,0.41658727410563046,1.4834127258943695
10.4,10.51272128447921,11.681911634170232,1.281911634170232
31.4,10.51272128447921,28.742218780829766,2.657781219170232
3.1,10.51272128447921,1.3574138186635718,1.7425861813364283
13.9,10.51272128447921,14.128835065747776,0.22883506574777535
9.4,10.51272128447921,9.66449575907925,0.2644957590792494
3.3,10.51272128447921,2.4940853431356427,0.8059146568643571
11.5,10.51272128447921,12.20162663915617,0.7016266391561707
20.9,10.51272128447921,20.877840591628804,0.0221594083711949
5.8,10.51272128447921,5.339272209091604,0.460727790908396
12.7,10.51272128447921,13.614582643687466,0.9145826436874671
16.4,10.51272128447921,16.704913273546453,0.3049132735464539
11.7,10.51272128447921,13.10279635578937,1.40279635578937
1.5,10.51272128447921,-0.3597077618817526,1.8597077618817526
2.6,10.51272128447921,2.3092466305816277,0.2907533694183724
3.8,10.51272128447921,4.304849851763012,0.5048498517630122
2.0,10.51272128447921,1.6118230231705155,0.3881769768294845
1.4,10.51272128447921,-1.6045596836971772,3.004559683697177
12.3,10.51272128447921,13.096523431010954,0.7965234310109537
10.2,10.51272128447921,11.181654237462407,0.9816542374624078
4.3,10.51272128447921,4.054838170539927,0.2451618294600726
9.6,10.51272128447921,10.386700128138303,0.7867001281383033
3.9,10.51272128447921,2.6790046619589143,1.2209953380410856
15.5,10.51272128447921,16.118807276405047,0.6188072764050467
19.0,10.51272128447921,19.014758238666115,0.01475823866611492
20.1,10.51272128447921,19.91187720785957,0.18812279214043315
20.1,10.51272128447921,19.217577900094987,0.8824220999050141
3.1,10.51272128447921,2.8898729225119206,0.21012707748807946
9.2,10.51272128447921,10.035745504378848,0.8357455043788491
32.9,10.51272128447921,29.841461783889983,3.0585382161100156
17.2,10.51272128447921,17.75042076214018,0.5504207621401811
1.6,10.51272128447921,-0.1418009516291523,1.7418009516291524
3.8,10.51272128447921,4.115035436623403,0.31503543662340316
18.0,10.51272128447921,18.225157047594905,0.22515704759490518
9.9,10.51272128447921,11.025725174494454,1.1257251744944536
13.6,10.51272128447921,14.622099477018114,1.0220994770181147
8.3,10.51272128447921,8.645561640731307,0.34556164073130624
24.0,10.51272128447921,23.038356788089857,0.9616432119101432
0.5,10.51272128447921,-1.9835731920341768,2.483573192034177
16.4,10.51272128447921,17.064913990811405,0.6649139908114066
2.4,10.51272128447921,1.2745592127510061,1.1254407872489938
37.6,10.51272128447921,32.63450945625376,4.965490543746242
6.4,10.51272128447921,6.586544591720557,0.1865445917205566
10.2,10.51272128447921,11.401531095394112,1.2015310953941132
29.5,10.51272128447921,27.501187884098762,1.998812115901238
4.6,10.51272128447921,4.064144699836987,0.5358553001630124
16.6,10.51272128447921,16.907709302082257,0.3077093020822552
9.3,10.51272128447921,10.110514071109398,0.810514071109397
19.9,10.51272128447921,20.001061524824333,0.10106152482433473
9.4,10.51272128447921,9.652380348385782,0.25238034838578116
15.5,10.51272128447921,15.615627343171823,0.11562734317182333
6.5,10.51272128447921,6.23044127686584,0.26955872313415963
4.3,10.51272128447921,4.427243474134428,0.1272434741344286
7.2,10.51272128447921,7.149394099539364,0.050605900460635844
8.6,10.51272128447921,9.562889804850165,0.9628898048501657
8.2,10.51272128447921,9.59082946238968,1.3908294623896804
17.9,10.51272128447921,17.532998422952257,0.3670015770477413
9.9,10.51272128447921,10.32741553309889,0.42741553309888936
7.0,10.51272128447921,7.637953857211009,0.6379538572110093
13.8,10.51272128447921,14.390765459832242,0.5907654598322409
11.0,10.51272128447921,11.89691848339406,0.8969184833940602
6.5,10.51272128447921,6.720129667984967,0.22012966798496691
28.5,10.51272128447921,26.3406134818117,2.159386518188299
2.3,10.51272128447921,0.8510407489811644,1.4489592510188354
4.8,10.51272128447921,4.516766082255213,0.2832339177447869
14.2,10.51272128447921,15.136514355339745,0.9365143553397459
13.7,10.51272128447921,14.417814520164814,0.717814520164815
3.7,10.51272128447921,3.527198675279064,0.17280132472093612
5.3,10.51272128447921,5.872931349481538,0.5729313494815385
6.3,10.51272128447921,6.603473297312163,0.30347329731216277
14.1,10.51272128447921,15.200905489811868,1.1009054898118684
14.7,10.51272128447921,15.134331672708903,0.43433167270890394
6.7,10.51272128447921,7.744278047953735,1.0442780479537346
4.6,10.51272128447921,4.319869037097629,0.28013096290237094
11.3,10.51272128447921,11.926785600559167,0.6267856005591668
5.5,10.51272128447921,6.334458526789347,0.834458526789347
32.9,10.51272128447921,29.489875228227902,3.4101247717720966
6.4,10.51272128447921,7.24403833434687,0.8440383343468696
2.4,10.51272128447921,0.8477665488258079,1.552233451174192
6.4,10.51272128447921,6.775611853295761,0.3756118532957604
16.6,10.51272128447921,16.284553347853844,0.3154466521461572
21.2,10.51272128447921,21.474925781601378,0.2749257816013788
16.6,10.51272128447921,17.005981353646778,0.40598135364677645
4.3,10.51272128447921,3.1634721798783323,1.1365278201216675
12.6,10.51272128447921,12.636125876710581,0.03612587671058165
6.4,10.51272128447921,6.554433882589166,0.15443388258916535
14.3,10.51272128447921,14.576336378911217,0.2763363789112159
8.1,10.51272128447921,8.437096581132723,0.3370965811327231
5.0,10.51272128447921,4.237855100675635,0.7621448993243654
3.2,10.51272128447921,1.824542011879597,1.3754579881204032
17.4,10.51272128447921,17.91652807511573,0.5165280751157297
10.5,10.51272128447921,11.298122064782834,0.7981220647828344
8.7,10.51272128447921,9.144495333436447,0.4444953334364481
7.0,10.51272128447921,7.235069964669328,0.23506996466932772
17.9,10.51272128447921,18.264790161188007,0.364790161188008
7.7,10.51272128447921,8.135545996624238,0.43554599662423765
12.4,10.51272128447921,14.301216696616557,1.9012166966165562
11.5,10.51272128447921,12.879410933187359,1.3794109331873585
22.2,10.51272128447921,21.995172701415925,0.20482729858407467
7.3,10.51272128447921,8.206466473468097,0.9064664734680976
8.9,10.51272128447921,9.934693230622806,1.0346932306228052
4.9,10.51272128447921,4.872849137572813,0.027150862427187228
9.5,10.51272128447921,10.548180297042528,1.0481802970425278
9.5,10.51272128447921,10.952546647811443,1.4525466478114435
5.9,10.51272128447921,6.2155263293679095,0.31552632936790914
3.0,10.51272128447921,2.8217882329279558,0.17821176707204422
24.5,10.51272128447921,23.30514365231682,1.1948563476831815
7.5,10.51272128447921,7.59447135809964,0.09447135809964013
7.3,10.51272128447921,7.892885325642928,0.5928853256429285
2.8,10.51272128447921,1.5865723044536573,1.2134276955463426
7.3,10.51272128447921,6.895958825917413,0.4040411740825869
17.8,10.51272128447921,18.077986195079223,0.2779861950792224
2.6,10.51272128447921,3.023988267223708,0.4239882672237081
12.6,10.51272128447921,13.320353073443899,0.7203530734438992
8.4,10.51272128447921,9.048753219820405,0.6487532198204047
4.7,10.51272128447921,4.7441971143660995,0.0441971143660993
12.6,10.51272128447921,13.291528588913929,0.6915285889139291
3.6,10.51272128447921,2.311803532938571,1.2881964670614292
16.4,10.51272128447921,16.721849198449085,0.32184919844908677
11.6,10.51272128447921,12.573111593477163,0.9731115934771637
15.1,10.51272128447921,15.805566467874645,0.7055664678746449
1.4,10.51272128447921,-0.2786137395387467,1.6786137395387466
11.2,10.51272128447921,11.116450074182659,0.08354992581734066
11.2,10.51272128447921,11.996125694312063,0.7961256943120638
5.6,10.51272128447921,5.933059883376922,0.33305988337692227
2.4,10.51272128447921,0.9783004889102056,1.4216995110897943
5.6,10.51272128447921,5.570115686323276,0.02988431367672373
6.3,10.51272128447921,6.617671013602722,0.3176710136027223
21.8,10.51272128447921,21.26572600037261,0.5342739996273913
3.9,10.51272128447921,2.921998359699736,0.9780016403002638
2.8,10.51272128447921,1.1097430173270908,1.690256982672909
3.2,10.51272128447921,2.1814281780661613,1.0185718219338389
5.3,10.51272128447921,5.821204067355439,0.5212040673554394
11.3,10.51272128447921,12.605475969316467,1.3054759693164666
15.1,10.51272128447921,15.869267118043837,0.7692671180438371
6.2,10.51272128447921,7.471192502709059,1.2711925027090585
6.1,10.51272128447921,7.13395162134567,1.03395162134567
15.1,10.51272128447921,14.661569501052185,0.43843049894781494
7.9,10.51272128447921,8.810253973530829,0.9102539735308284
12.3,10.51272128447921,13.057980356306603,0.7579803563066019
20.4,10.51272128447921,19.898930862916153,0.5010691370838458
7.9,10.51272128447921,8.141920304907936,0.2419203049079357
10.2,10.51272128447921,10.350626570091046,0.15062657009104718
4.3,10.51272128447921,4.2000776720151505,0.09992232798484935
1.7,10.51272128447921,-0.003159312186353347,1.7031593121863533
11.0,10.51272128447921,12.262940298705038,1.262940298705038
19.3,10.51272128447921,19.194884656867202,0.10511534313279824
16.1,10.51272128447921,16.61426212671338,0.5142621267133798
10.1,10.51272128447921,11.135539354319429,1.035539354319429
5.6,10.51272128447921,5.52708647872642,0.07291352127357964
30.7,10.51272128447921,27.968252939027266,2.731747060972733
5.0,10.51272128447921,4.720228824911697,0.2797711750883032
5.1,10.51272128447921,5.139977629933051,0.039977629933050984
18.2,10.51272128447921,18.441085444839025,0.24108544483902605
8.4,10.51272128447921,8.870113818106454,0.47011381810645325
5.9,10.51272128447921,6.259340957655379,0.35934095765537855
19.1,10.51272128447921,18.76148759248909,0.33851240751091183
1.2,10.51272128447921,-0.26629908317710616,1.466299083177106
2.6,10.51272128447921,2.101940162737332,0.4980598372626681
1.2,10.51272128447921,-0.8620543571220658,2.062054357122066
15.5,10.51272128447921,15.737736839378705,0.23773683937870516
6.8,10.51272128447921,6.651012792252555,0.148987207747445
24.7,10.51272128447921,23.71455847703539,0.9854415229646101
5.9,10.51272128447921,6.21204195637832,0.31204195637831944
5.5,10.51272128447921,5.098642475999762,0.40135752400023783
6.3,10.51272128447921,5.963332836108902,0.3366671638910974
10.5,10.51272128447921,10.793580404545326,0.29358040454532564
28.9,10.51272128447921,26.586914776545086,2.3130852234549124
6.9,10.51272128447921,7.347459203803929,0.4474592038039287
11.6,10.51272128447921,12.473867088881473,0.8738670888814735
20.4,10.51272128447921,20.383644873925547,0.01635512607445122
4.4,10.51272128447921,3.4786384710560068,0.9213615289439936
5.8,10.51272128447921,6.295434311915839,0.4954343119158393
7.4,10.51272128447921,8.477215439873003,1.0772154398730027
7.0,10.51272128447921,8.142911659417274,1.1429116594172744
9.3,10.51272128447921,9.8446354875925,0.5446354875924992
26.9,10.51272128447921,25.38100443329312,1.5189955667068773
20.8,10.51272128447921,20.514050847276316,0.2859491527236848
21.1,10.51272128447921,20.969547893885284,0.13045210611471703
14.4,10.51272128447921,15.245450249105922,0.8454502491059213
9.9,10.51272128447921,9.450243448384557,0.4497565516154438
4.1,10.51272128447921,3.0065537926088686,1.093446207391131
2.6,10.51272128447921,1.182904773489435,1.4170952265105652
11.8,10.51272128447921,12.454194915502276,0.6541949155022753
10.6,10.51272128447921,11.428691377072196,0.8286913770721966
11.3,10.51272128447921,11.881773845294052,0.5817738452940517
5.9,10.51272128447921,6.356222162119507,0.4562221621195066
19.6,10.51272128447921,19.60819634714984,0.008196347149837635
14.8,10.51272128447921,15.36368817039936,0.5636881703993595
29.8,10.51272128447921,26.465011292419362,3.3349887075806386
6.3,10.51272128447921,6.102759787827344,0.1972402121726562
23.8,10.51272128447921,23.251986529549107,0.5480134704508934
15.9,10.51272128447921,16.56231883289893,0.6623188328989311
4.5,10.51272128447921,4.353090107208609,0.146909892791391
3.2,10.51272128447921,3.562122484597075,0.36212248459707475
7.4,10.51272128447921,8.544409777526063,1.1444097775260627
15.2,10.51272128447921,16.052658939403837,0.8526589394038382
8.6,10.51272128447921,9.540637176838718,0.9406371768387185
13.7,10.51272128447921,15.112747236134563,1.4127472361345639
7.3,10.51272128447921,7.778005887184907,0.47800588718490733
14.6,10.51272128447921,15.701358646393341,1.1013586463933418
11.5,10.51272128447921,12.109426441644377,0.6094264416443771
2.9,10.51272128447921,1.8426307617157978,1.0573692382842022
11.0,10.51272128447921,11.730876151026532,0.730876151026532
15.7,10.51272128447921,15.801569717173756,0.1015697171737564
11.0,10.51272128447921,11.872206794484663,0.8722067944846632
0.5,10.51272128447921,-1.7875455619239116,2.2875455619239116
1.8,10.51272128447921,0.1925256307919554,1.6074743692080447
7.3,10.51272128447921,7.990771626156123,0.6907716261561232
13.2,10.51272128447921,13.75470680814783,0.5547068081478308
11.5,10.51272128447921,12.410070245896101,0.910070245896101
8.8,10.51272128447921,9.41002478140782,0.6100247814078195
14.1,10.51272128447921,15.12041704875258,1.0204170487525808
3.9,10.51272128447921,3.6607403701943877,0.23925962980561222
7.0,10.51272128447921,8.40799125205954,1.4079912520595403
8.9,10.51272128447921,9.059240838657438,0.15924083865743732
15.1,10.51272128447921,15.240572549911327,0.14057254991132773
9.9,10.51272128447921,10.647660239122622,0.7476602391226219
3.3,10.51272128447921,2.592985626641383,0.7070143733586169
6.1,10.51272128447921,6.379008766162435,0.279008766162435
9.6,10.51272128447921,10.753770006501444,1.1537700065014445
1.0,10.51272128447921,-1.234604963251014,2.234604963251014
3.5,10.51272128447921,2.18819459493573,1.3118054050642698
14.8,10.51272128447921,15.42337255119953,0.6233725511995285
9.6,10.51272128447921,10.774812788255323,1.1748127882553234
4.8,10.51272128447921,3.398412409322881,1.401587590677119
19.3,10.51272128447921,19.346556103821698,0.04655610382169684
19.8,10.51272128447921,19.940564843735224,0.14056484373522338
3.8,10.51272128447921,2.6304538251081713,1.1695461748918285
3.0,10.51272128447921,1.4731484530392507,1.5268515469607493
5.0,10.51272128447921,5.559002980843955,0.5590029808439549
15.8,10.51272128447921,16.29851980123806,0.4985198012380607
4.9,10.51272128447921,4.6537752413827524,0.2462247586172479
15.6,10.51272128447921,16.402383183171786,0.802383183171786
21.3,10.51272128447921,21.433672863543638,0.13367286354363728
27.1,10.51272128447921,25.602915708441685,1.4970842915583162
8.5,10.51272128447921,9.183371343162582,0.6833713431625821
24.8,10.51272128447921,23.265284772239415,1.5347152277605858
9.0,10.51272128447921,9.611975416275413,0.6119754162754134
8.9,10.51272128447921,10.015492260323295,1.115492260323295
1.6,10.51272128447921,0.022818927494490993,1.577181072505509
17.7,10.51272128447921,17.831862533498192,0.1318625334981931
9.4,10.51272128447921,10.51168023927751,1.1116802392775096
12.1,10.51272128447921,12.42656608521066,0.32656608521065955
14.3,10.51272128447921,14.80057471572416,0.5005747157241593
1.8,10.51272128447921,-0.3046178548909264,2.1046178548909262
13.3,10.51272128447921,13.877808430673443,0.5778084306734428
6.8,10.51272128447921,7.4848883228777385,0.6848883228777387
50.7,10.51272128447921,40.69847583411936,10.001524165880646
9.6,10.51272128447921,9.652857182384349,0.05285718238434889
12.7,10.51272128447921,13.661628596027565,0.9616285960275661
14.0,10.51272128447921,13.815635552838863,0.18436444716113698
15.3,10.51272128447921,15.59634134457874,0.29634134457873884
16.6,10.51272128447921,17.160725279028824,0.5607252790288229
27.0,10.51272128447921,24.921353877702053,2.078646122297947
12.7,10.51272128447921,13.923233682942104,1.223233682942105
8.1,10.51272128447921,8.060637672688898,0.03936232731110145
2.8,10.51272128447921,1.9577766091517237,0.8422233908482761
3.2,10.51272128447921,2.08000815742243,1.1199918425775701
4.5,10.51272128447921,3.875883644091572,0.624116355908428
15.4,10.51272128447921,15.82482459409481,0.4248245940948099
4.4,10.51272128447921,4.079472613352222,0.320527386647778
0.4,10.51272128447921,-1.7864225127376443,2.186422512737644
19.7,10.51272128447921,19.691701293669492,0.008298706330506889
8.1,10.51272128447921,9.0193417299633,0.9193417299632998
4.2,10.51272128447921,4.236693538999486,0.036693538999485575
2.3,10.51272128447921,0.21487946691421733,2.0851205330857825
3.5,10.51272128447921,2.8870006249713054,0.6129993750286946
6.0,10.51272128447921,6.3614614117916854,0.36146141179168545
10.9,10.51272128447921,11.871776141556964,0.9717761415569637
4.5,10.51272128447921,3.48798914965235,1.0120108503476501
4.1,10.51272128447921,2.5126980338490394,1.5873019661509602
4.9,10.51272128447921,5.5562239385907475,0.6562239385907471
7.9,10.51272128447921,8.60106210791606,0.7010621079160604
15.8,10.51272128447921,16.056038545618065,0.2560385456180647
17.0,10.51272128447921,17.510824951474635,0.5108249514746355
4.3,10.51272128447921,4.309667620606086,0.009667620606085947
5.9,10.51272128447921,7.108221033631016,1.2082210336310153
7.4,10.51272128447921,8.834334653096189,1.4343346530961885
2.2,10.51272128447921,0.6872971220802668,1.5127028779197333
15.8,10.51272128447921,15.6134679659941,0.18653203400590002
16.9,10.51272128447921,17.423860127867297,0.5238601278672981
4.9,10.51272128447921,4.952931236075361,0.05293123607536021
8.2,10.51272128447921,9.146107694469714,0.9461076944697151
6.2,10.51272128447921,6.933759175726713,0.7337591757267132
2.7,10.51272128447921,3.1878024439432933,0.4878024439432931
8.9,10.51272128447921,9.845722871675267,0.945722871675267
18.1,10.51272128447921,21.475567872869647,3.375567872869645
8.3,10.51272128447921,8.550079616561813,0.25007961656181266
5.8,10.51272128447921,6.519314300540463,0.7193143005404634
4.7,10.51272128447921,7.0469813913755655,2.3469813913755653
6.2,10.51272128447921,7.177530860097667,0.9775308600976667
1.8,10.51272128447921,0.46804248067287624,1.3319575193271238
8.4,10.51272128447921,9.311366817740149,0.9113668177401486
12.0,10.51272128447921,12.93293029564484,0.9329302956448409
3.3,10.51272128447921,3.4301783820752583,0.13017838207525845
12.7,10.51272128447921,13.82131936233573,1.121319362335731
8.9,10.51272128447921,9.125916074739688,0.225916074739688
21.1,10.51272128447921,20.163841893841013,0.9361581061589881
10.7,10.51272128447921,12.483928536857784,1.7839285368577844
2.9,10.51272128447921,1.3019627217648786,1.5980372782351213
24.8,10.51272128447921,23.865558300909058,0.934441699090943
23.8,10.51272128447921,23.68964986896233,0.11035013103767
6.7,10.51272128447921,7.487934860391836,0.7879348603918359
27.5,10.51272128447921,25.425355711418213,2.074644288581787
2.8,10.51272128447921,2.4101379313136793,0.38986206868632056
13.0,10.51272128447921,14.105135406586133,1.1051354065861325
6.7,10.51272128447921,7.229334424455576,0.529334424455576
28.0,10.51272128447921,25.984372018289896,2.0156279817101037
14.9,10.51272128447921,15.053806640637395,0.15380664063739502
13.8,10.51272128447921,14.704655928805352,0.9046559288053508
7.1,10.51272128447921,8.18936632738565,1.089366327385651
8.4,10.51272128447921,9.049740152047418,0.6497401520474178
11.1,10.51272128447921,12.090639960764332,0.9906399607643319
13.9,10.51272128447921,15.370454113962635,1.470454113962635
13.6,10.51272128447921,13.61501197131605,0.015011971316051032
10.3,10.51272128447921,11.051864499933115,0.7518644999331148
7.2,10.51272128447921,7.759070364443852,0.5590703644438522
2.0,10.51272128447921,0.8610849588542493,1.1389150411457507
15.4,10.51272128447921,16.711394455312295,1.3113944553122945
17.2,10.51272128447921,17.491233839318035,0.2912338393180356
3.2,10.51272128447921,2.6172107312667947,0.5827892687332055
10.9,10.51272128447921,11.858965133514412,0.9589651335144111
16.8,10.51272128447921,17.02432287345794,0.22432287345793966
5.0,10.51272128447921,4.342549449274459,0.6574505507255406
17.5,10.51272128447921,18.13463544964756,0.6346354496475612
1.4,10.51272128447921,-0.481082353977774,1.881082353977774
5.4,10.51272128447921,5.222842983853868,0.17715701614613266
29.5,10.51272128447921,27.23030595253526,2.269694047464739
7.6,10.51272128447921,8.195758726388016,0.5957587263880164
16.9,10.51272128447921,16.84668939860903,0.05331060139096877
5.2,10.51272128447921,5.0995812876500715,0.10041871234992872
10.5,10.51272128447921,11.610118774575833,1.1101187745758327
9.8,10.51272128447921,10.709717298510714,0.9097172985107136
4.7,10.51272128447921,6.735917449645052,2.0359174496450514
5.2,10.51272128447921,5.676917350655647,0.476917350655647
14.2,10.51272128447921,15.059135308030223,0.8591353080302238
9.6,10.51272128447921,10.955610959697994,1.3556109596979944
2.9,10.51272128447921,2.4478413167413944,0.45215868325860553
24.7,10.51272128447921,23.946360166758158,0.7536398332418415
1.2,10.51272128447921,-0.9116521636183883,2.1116521636183885
3.8,10.51272128447921,3.472172942599549,0.3278270574004507
6.9,10.51272128447921,7.707849915972704,0.807849915972704
27.8,10.51272128447921,25.95706459248275,1.842935407517249
16.6,10.51272128447921,16.99404676121859,0.39404676121858984
9.8,10.51272128447921,10.670681418806149,0.8706814188061482
2.9,10.51272128447921,2.14323632974258,0.7567636702574201
11.0,10.51272128447921,12.154786026703785,1.1547860267037855
1.2,10.51272128447921,-0.8639090944565808,2.063909094456581
6.7,10.51272128447921,7.790498258934662,1.0904982589346615
5.9,10.51272128447921,6.039847236599547,0.13984723659954668
30.4,10.51272128447921,27.73222963435343,2.667770365646568
3.0,10.51272128447921,2.01260277312773,0.9873972268722699
5.3,10.51272128447921,5.193964806327758,0.10603519367224212
13.7,10.51272128447921,14.654906646905795,0.9549066469057959
9.2,10.51272128447921,9.927253345750922,0.7272533457509223
6.6,10.51272128447921,7.357020652117547,0.7570206521175473
19.8,10.51272128447921,20.22835797388231,0.42835797388231
5.4,10.51272128447921,5.69507551083412,0.29507551083411965
27.7,10.51272128447921,25.917255879045193,1.7827441209548063
12.1,10.51272128447921,13.196806527445396,1.0968065274453966
4.5,10.51272128447921,4.243283446401662,0.2567165535983378
12.0,10.51272128447921,12.303078968341751,0.30307896834175097
13.5,10.51272128447921,14.691273026927423,1.1912730269274228
13.1,10.51272128447921,14.757630038735712,1.6576300387357126
8.9,10.51272128447921,9.308746741996165,0.4087467419961648
13.4,10.51272128447921,14.96323340586154,1.5632334058615402
16.2,10.51272128447921,17.51950775929541,1.319507759295412
10.1,10.51272128447921,12.024918541230019,1.924918541230019
2.5,10.51272128447921,1.2616484385381526,1.2383515614618474
2.1,10.51272128447921,0.20204333542509012,1.89795666457491
1.6,10.51272128447921,-0.06669533828816832,1.6666953382881684
15.5,10.51272128447921,17.19212969332524,1.6921296933252385
9.6,10.51272128447921,11.69478828610387,2.0947882861038707
2.7,10.51272128447921,1.3539113574864938,1.3460886425135064
21.1,10.51272128447921,21.164365795318012,0.06436579531801101
4.6,10.51272128447921,4.833401470797808,0.23340147079780849
15.0,10.51272128447921,15.417868789985002,0.4178687899850022
18.0,10.51272128447921,17.9666494231502,0.033350576849798585
8.9,10.51272128447921,9.761303114833998,0.8613031148339978
19.0,10.51272128447921,18.2153533764402,0.7846466235598015
13.6,10.51272128447921,13.907798128675577,0.3077981286755769
5.5,10.51272128447921,4.993945782661612,0.506054217338388
7.4,10.51272128447921,6.893773089956362,0.5062269100436385
2.7,10.51272128447921,2.596894512406452,0.10310548759354798
18.2,10.51272128447921,18.496462576926348,0.2964625769263485
10.8,10.51272128447921,11.936224079414027,1.136224079414026
14.0,10.51272128447921,14.89447860898271,0.8944786089827108
6.1,10.51272128447921,6.404292454772663,0.3042924547726633
19.7,10.51272128447921,19.179342453741413,0.5206575462585867
19.5,10.51272128447921,19.81018093465849,0.31018093465849006
21.8,10.51272128447921,21.538208355367672,0.2617916446323285
10.7,10.51272128447921,11.676066409137379,0.9760664091373794
19.8,10.51272128447921,19.329274157303637,0.4707258426963641
6.4,10.51272128447921,6.083581260205253,0.31641873979474777
8.2,10.51272128447921,9.254707450903354,1.0547074509033543
14.3,10.51272128447921,14.895153126252705,0.5951531262527041
10.2,10.51272128447921,11.099713068567848,0.8997130685678485
22.1,10.51272128447921,21.57288183493099,0.5271181650690124
24.2,10.51272128447921,23.117845811710346,1.0821541882896533
22.4,10.51272128447921,22.562771437005473,0.1627714370054747
7.6,10.51272128447921,8.15550108411914,0.5555010841191397
5.1,10.51272128447921,4.926255797845412,0.1737442021545874
3.9,10.51272128447921,3.6838993822814805,0.2161006177185194
3.4,10.51272128447921,1.9013933409161972,1.4986066590838028
9.5,10.51272128447921,10.23237629775947,0.7323762977594708
5.3,10.51272128447921,4.844837489042958,0.45516251095704163
14.8,10.51272128447921,15.967539167120531,1.1675391671205304
15.0,10.51272128447921,15.945357571549291,0.945357571549291
14.7,10.51272128447921,14.988930598579966,0.2889305985799666
14.0,10.51272128447921,14.541301929395935,0.5413019293959351
13.4,10.51272128447921,14.196375322743911,0.796375322743911
18.6,10.51272128447921,18.279896958253467,0.3201030417465347
14.0,10.51272128447921,15.155975978825289,1.155975978825289
14.1,10.51272128447921,14.74681690414544,0.6468169041454406
12.4,10.51272128447921,13.212505826032062,0.8125058260320621
5.2,10.51272128447921,5.643022736003824,0.44302273600382414
2.4,10.51272128447921,0.23149740733395596,2.168502592666044
19.5,10.51272128447921,19.515411420415994,0.01541142041599386
13.5,10.51272128447921,14.260972901889694,0.7609729018896942
8.4,10.51272128447921,8.678831137881833,0.27883113788183245
7.5,10.51272128447921,7.999208375798852,0.4992083757988519
6.4,10.51272128447921,6.484371697010259,0.08437169701025837
5.2,10.51272128447921,4.769399666813881,0.4306003331861188
23.0,10.51272128447921,21.4237623789974,1.5762376210026012
11.3,10.51272128447921,12.028855986290399,0.728855986290398
9.6,10.51272128447921,10.78677216395385,1.1867721639538509
7.7,10.51272128447921,7.538194068258433,0.16180593174156677
18.3,10.51272128447921,18.68050497959132,0.38050497959131846
1.9,10.51272128447921,-0.4151502090311272,2.315150209031127
14.8,10.51272128447921,15.315123615353393,0.5151236153533922
7.0,10.51272128447921,7.930325222809675,0.9303252228096746
5.5,10.51272128447921,6.038900388907451,0.5389003889074511
15.5,10.51272128447921,16.246128210737805,0.7461282107378047
8.1,10.51272128447921,8.612304398340234,0.512304398340234
2.9,10.51272128447921,1.7759239891653014,1.1240760108346985
5.7,10.51272128447921,6.800347538987777,1.1003475389877773
6.6,10.51272128447921,8.017344734586677,1.4173447345866776
4.0,10.51272128447921,3.201268470155365,0.7987315298446349
28.7,10.51272128447921,26.94581380576291,1.7541861942370893
6.7,10.51272128447921,6.902426905599768,0.20242690559976761
3.6,10.51272128447921,5.434237407505538,1.834237407505538
7.8,10.51272128447921,8.426851387925229,0.6268513879252291
16.5,10.51272128447921,16.99082907528426,0.49082907528426034
17.8,10.51272128447921,18.51612575837911,0.7161257583791105
0.9,10.51272128447921,-0.6761076009537579,1.5761076009537578
2.5,10.51272128447921,0.9315712652850241,1.568428734714976
9.2,10.51272128447921,9.713475489720553,0.5134754897205536
2.5,10.51272128447921,1.659678690278085,0.8403213097219151
22.6,10.51272128447921,22.595554148197543,0.004445851802458378
7.9,10.51272128447921,8.466922925293078,0.5669229252930776
17.1,10.51272128447921,17.809444035937748,0.7094440359377465
8.0,10.51272128447921,9.2594206458316,1.2594206458316002
29.0,10.51272128447921,26.746048855372372,2.253951144627628
25.0,10.51272128447921,22.344192326343375,2.655807673656625
12.5,10.51272128447921,13.705846095442002,1.205846095442002
9.4,10.51272128447921,10.117508958044144,0.717508958044144
6.5,10.51272128447921,6.728300148188288,0.22830014818828825
14.1,10.51272128447921,14.569602537501279,0.4696025375012791
